ID,Name,variationId,behaviorJudgeId,ezStateBehaviorType_old,refType,pad2,refId,consumeSA,stamina,consumeDurability,category,heroPoint,pad1,
101400800,Axe - Powerstance - R1 Combo #1 Right-hand,1400,800,1,0,[0|0],1400800,0,9,0,2,0,[0|0]
101400810,Axe - Powerstance - R1 Combo #2 Right-hand,1400,810,1,0,[0|0],1400810,0,9,0,2,0,[0|0]
101400820,Axe - Powerstance - R1 Combo #3 Right-hand,1400,820,1,0,[0|0],1400820,0,9,0,2,0,[0|0]
101400830,Axe - Powerstance - R1 Combo #4 Right-hand,1400,830,1,0,[0|0],1400830,0,9,0,2,0,[0|0]
101400860,Axe - Powerstance - R1 - Dash Right-hand,1400,860,1,0,[0|0],1400860,0,11,0,2,0,[0|0]
101400870,Axe - Powerstance - R1 - Roll Right-hand,1400,870,1,0,[0|0],1400870,0,11,0,2,0,[0|0]
101400880,Axe - Powerstance - R1 - Backstep Right-hand,1400,880,1,0,[0|0],1400880,0,11,0,2,0,[0|0]
101400890,Axe - Powerstance - R1 - Jump Right-hand,1400,890,1,0,[0|0],1400890,0,11,0,2,0,[0|0]
400000900,Maliketh's Black Blade,0,900,1,0,[0|0],300408900,0,18,0,12,0,[0|0]
400000901,Maliketh's Black Blade,0,901,1,0,[0|0],300408901,0,20,0,12,0,[0|0]
400000905,Maliketh's Black Blade,0,905,1,1,[0|0],2320,0,20,0,12,0,[0|0]
400000906,Maliketh's Black Blade,0,906,1,1,[0|0],2321,0,0,0,12,0,[0|0]
400000907,Maliketh's Black Blade,0,907,1,1,[0|0],2322,0,0,0,12,0,[0|0]
400000910,Maliketh's Black Blade,0,910,1,0,[0|0],300408910,0,18,0,12,0,[0|0]
400000911,Maliketh's Black Blade,0,911,1,0,[0|0],300408911,0,20,0,12,0,[0|0]
400000950,Winged Greathorn - [Ash of War] Soul Stifler - FP - Bullet,0,950,1,1,[0|0],2065,0,0,0,12,0,[0|0]
500000100,Sword of Night and Flame,0,100,1,0,[0|0],300214900,0,0,0,12,0,[0|0]
500000105,Sword of Night and Flame,0,105,1,1,[0|0],2215,0,45,0,12,0,[0|0]
500000106,Sword of Night and Flame,0,106,1,1,[0|0],2216,0,0,0,12,0,[0|0]
500000107,Sword of Night and Flame,0,107,1,1,[0|0],2217,0,0,0,12,0,[0|0]
500000108,Sword of Night and Flame,0,108,1,1,[0|0],2218,0,0,0,12,0,[0|0]
500000109,Sword of Night and Flame,0,109,1,1,[0|0],2219,0,0,0,12,0,[0|0]
500000110,Sword of Night and Flame,0,110,1,0,[0|0],300214910,0,25,0,12,0,[0|0]
500000120,Sword of Night and Flame,0,120,1,0,[0|0],300214920,0,45,0,12,0,[0|0]
500000125,Sword of Night and Flame,0,125,1,1,[0|0],2220,0,0,0,12,0,[0|0]
500000126,Sword of Night and Flame,0,126,1,1,[0|0],2221,0,0,0,12,0,[0|0]
500000130,Sword of Night and Flame,0,130,1,0,[0|0],300214930,0,25,0,12,0,[0|0]
500000200,Winged Scythe - [Ash of War] Angel's Wings - FP - Hit #1,0,200,1,0,[0|0],301906900,0,18,0,12,0,[0|0]
500000201,Winged Scythe - [Ash of War] Angel's Wings - FP - Hit #2,0,201,1,0,[0|0],301906901,0,21,0,12,0,[0|0]
500000202,Winged Scythe - [Ash of War] Angel's Wings - FP - Leap Hit,0,202,1,0,[0|0],301906902,0,0,0,12,0,[0|0]
500000205,Winged Scythe - [Ash of War] Angel's Wings - No FP - Hit #1,0,205,1,0,[0|0],301906905,0,18,0,12,0,[0|0]
500000206,Winged Scythe - [Ash of War] Angel's Wings - No FP - Hit #2,0,206,1,0,[0|0],301906906,0,21,0,12,0,[0|0]
500000250,Grafted Dragon - [Ash of War] Bear Witness! - FP - Bullet #1,0,250,1,1,[0|0],2385,0,0,0,12,0,[0|0]
500000251,Grafted Dragon - [Ash of War] Bear Witness! - FP - Bullet #2,0,251,1,1,[0|0],2386,0,0,0,12,0,[0|0]
500000252,Grafted Dragon - [Ash of War] Bear Witness! - FP - Bullet #3,0,252,1,1,[0|0],2387,0,40,0,12,0,[0|0]
500000253,Grafted Dragon - [Ash of War] Bear Witness! - FP - Bullet #4,0,253,1,1,[0|0],2388,0,0,0,12,0,[0|0]
500000254,Grafted Dragon - [Ash of War] Bear Witness! - FP - Bullet #5,0,254,1,1,[0|0],2389,0,0,0,12,0,[0|0]
500000255,Grafted Dragon - [Ash of War] Bear Witness! - FP - Bullet #6,0,255,1,1,[0|0],2390,0,0,0,12,0,[0|0]
500000256,Grafted Dragon - [Ash of War] Bear Witness!,0,256,1,1,[0|0],2391,0,0,0,12,0,[0|0]
500000260,Grafted Dragon - [Ash of War] Bear Witness! - No FP - Hit,0,260,1,0,[0|0],302106910,0,40,0,12,0,[0|0]
500000300,Envoy's Greathorn - [Ash of War] Great Oracular Bubble - FP - Bullet,0,300,1,1,[0|0],2695,0,10,0,12,0,[0|0]
500000301,Envoy's Greathorn - [Ash of War] Great Oracular Bubble,0,301,1,1,[0|0],2696,0,0,0,12,0,[0|0]
500000350,Commander's Standard - [Ash of War] Rallying Standard - FP - Bullet,0,350,1,1,[0|0],2710,0,10,0,12,0,[0|0]
500000400,Blasphemous Blade - [Ash of War] Taker's Flames - FP - Bullet #1,0,400,1,1,[0|0],2030,0,30,0,12,0,[0|0]
500000401,Blasphemous Blade - [Ash of War] Taker's Flames,0,401,1,1,[0|0],-1,0,0,0,12,0,[0|0]
500000402,Blasphemous Blade - [Ash of War] Taker's Flames,0,402,1,1,[0|0],-1,0,0,0,12,0,[0|0]
500000403,Blasphemous Blade - [Ash of War] Taker's Flames - FP - Bullet #2,0,403,1,1,[0|0],-1,0,0,0,12,0,[0|0]
500000404,Blasphemous Blade - [Ash of War] Taker's Flames,0,404,1,1,[0|0],-1,0,0,0,12,0,[0|0]
500000405,Blasphemous Blade - [Ash of War] Taker's Flames - No FP - Hit,0,405,1,0,[0|0],300314905,0,30,0,12,0,[0|0]
500000500,Moonveil - [Ash of War] Transient Moonlight - FP - Bullet,0,500,1,1,[0|0],2950,0,0,0,1,0,[0|0]
500000501,Moonveil - [Ash of War] Transient Moonlight - FP - Slash,0,501,1,0,[0|0],303400101,0,30,0,12,0,[0|0]
500000505,Moonveil - [Ash of War] Transient Moonlight - No FP - Bullet,0,505,1,1,[0|0],2955,0,0,0,1,0,[0|0]
500000506,Moonveil - [Ash of War] Transient Moonlight - No FP - Slash,0,506,1,0,[0|0],303400106,0,30,0,12,0,[0|0]
500000550,Magma Whip Candlestick - [Ash of War] Sea of Magma - FP - Spin #1,0,550,1,0,[0|0],302003900,0,15,0,12,0,[0|0]
500000551,Magma Whip Candlestick - [Ash of War] Sea of Magma - FP - Spin #2,0,551,1,0,[0|0],302003901,0,15,0,12,0,[0|0]
500000552,Magma Whip Candlestick - [Ash of War] Sea of Magma - FP - Followup #1 - Spin #1,0,552,1,0,[0|0],302003902,0,15,0,12,0,[0|0]
500000553,Magma Whip Candlestick - [Ash of War] Sea of Magma - FP - Followup #1 - Spin #2,0,553,1,0,[0|0],302003903,0,15,0,12,0,[0|0]
500000554,Magma Whip Candlestick - [Ash of War] Sea of Magma - FP - Followup #2 - Spin,0,554,1,0,[0|0],302003904,0,20,0,12,0,[0|0]
500000555,Magma Whip Candlestick - [Ash of War] Sea of Magma - FP - Bullet,0,555,1,1,[0|0],2705,0,0,0,12,0,[0|0]
500000556,Magma Whip Candlestick - [Ash of War] Sea of Magma,0,556,1,1,[0|0],2706,0,0,0,12,0,[0|0]
500000560,Magma Whip Candlestick - [Ash of War] Sea of Magma - No FP - Spin #1,0,560,1,0,[0|0],302003910,0,15,0,12,0,[0|0]
500000561,Magma Whip Candlestick - [Ash of War] Sea of Magma - No FP - Spin #2,0,561,1,0,[0|0],302003911,0,15,0,12,0,[0|0]
500000562,Magma Whip Candlestick - [Ash of War] Sea of Magma - No FP - Followup #1 - Spin #1,0,562,1,0,[0|0],302003912,0,15,0,12,0,[0|0]
500000563,Magma Whip Candlestick - [Ash of War] Sea of Magma - No FP - Followup #1 - Spin #2,0,563,1,0,[0|0],302003913,0,15,0,12,0,[0|0]
500000564,Magma Whip Candlestick - [Ash of War] Sea of Magma - No FP - Followup #2 - Spin,0,564,1,0,[0|0],302003914,0,20,0,12,0,[0|0]
500000600,Mohgwyn's Sacred Spear,0,600,1,0,[0|0],301711900,0,0,0,12,0,[0|0]
500000605,Mohgwyn's Sacred Spear -,0,605,1,1,[0|0],2335,0,25,0,12,0,[0|0]
500000606,Mohgwyn's Sacred Spear,0,606,1,1,[0|0],2336,0,0,0,12,0,[0|0]
500000610,Mohgwyn's Sacred Spear,0,610,1,0,[0|0],301711910,0,0,0,12,0,[0|0]
500000615,Mohgwyn's Sacred Spear -,0,615,1,1,[0|0],2337,0,25,0,12,0,[0|0]
500000616,Mohgwyn's Sacred Spear,0,616,1,1,[0|0],2338,0,0,0,12,0,[0|0]
500000620,Mohgwyn's Sacred Spear,0,620,1,0,[0|0],301711920,0,0,0,12,0,[0|0]
500000625,Mohgwyn's Sacred Spear -,0,625,1,1,[0|0],2339,0,25,0,12,0,[0|0]
500000626,Mohgwyn's Sacred Spear,0,626,1,1,[0|0],2340,0,0,0,12,0,[0|0]
500000635,Mohgwyn's Sacred Spear -,0,635,1,0,[0|0],301711935,0,25,0,12,0,[0|0]
500000640,Mohgwyn's Sacred Spear -,0,640,1,0,[0|0],301711940,0,25,0,12,0,[0|0]
500000645,Mohgwyn's Sacred Spear -,0,645,1,0,[0|0],301711945,0,25,0,12,0,[0|0]
500000650,Envoy's Long Horn - [Ash of War] Bubble Shower - FP - Bullet,0,650,1,1,[0|0],2690,0,10,0,12,0,[0|0]
500000651,Envoy's Long Horn - [Ash of War] Bubble Shower,0,651,1,1,[0|0],2691,0,0,0,12,0,[0|0]
500000652,Envoy's Long Horn - [Ash of War] Bubble Shower,0,652,1,1,[0|0],2692,0,0,0,12,0,[0|0]
500000700,Morgott's Cursed Sword,0,700,1,0,[0|0],300810900,0,0,0,12,0,[0|0]
500000705,Morgott's Cursed Sword,0,705,1,0,[0|0],300810905,0,15,0,12,0,[0|0]
500000706,Morgott's Cursed Sword,0,706,1,0,[0|0],300810906,0,15,0,12,0,[0|0]
500000707,Morgott's Cursed Sword,0,707,1,1,[0|0],2135,0,0,0,1,0,[0|0]
500000708,Morgott's Cursed Sword,0,708,1,1,[0|0],2136,0,0,0,1,0,[0|0]
500000710,Morgott's Cursed Sword,0,710,1,0,[0|0],300810910,0,15,0,12,0,[0|0]
500000711,Morgott's Cursed Sword,0,711,1,0,[0|0],300810911,0,15,0,12,0,[0|0]
500000750,Envoy's Horn - [Ash of War] Oracular Bubble - FP - Bullet,0,750,1,1,[0|0],2035,0,10,0,12,0,[0|0]
500000751,Envoy's Horn - [Ash of War] Oracular Bubble,0,751,1,1,[0|0],2036,0,0,0,12,0,[0|0]
500000800,Eclipse Shotel - [Ash of War] Death Flare - FP - Bullet,0,800,1,1,[0|0],2145,0,30,0,12,0,[0|0]
500000801,Eclipse Shotel - [Ash of War] Death Flare,0,801,1,1,[0|0],2146,0,0,0,12,0,[0|0]
500000805,Eclipse Shotel - [Ash of War] Death Flare - No FP - Attack,0,805,1,0,[0|0],300710905,0,30,0,12,0,[0|0]
500000850,Reduvia - [Ash of War] Reduvia Blood Blade,0,850,1,0,[0|0],300104900,0,0,0,12,0,[0|0]
500000851,Reduvia - [Ash of War] Reduvia Blood Blade - FP - Bullet,0,851,1,1,[0|0],2715,0,20,0,12,0,[0|0]
500000852,Reduvia - [Ash of War] Reduvia Blood Blade - No FP - Hit,0,852,1,0,[0|0],300104902,0,20,0,12,0,[0|0]
500000855,Reduvia - [Ash of War] Reduvia Blood Blade,0,855,1,0,[0|0],300104905,0,0,0,12,0,[0|0]
500000856,Reduvia - [Ash of War] Reduvia Blood Blade - FP - Followup #1 - Bullet,0,856,1,1,[0|0],2716,0,20,0,12,0,[0|0]
500000857,Reduvia - [Ash of War] Reduvia Blood Blade - No FP - Followup #1 - Hit,0,857,1,0,[0|0],300104907,0,20,0,12,0,[0|0]
500000860,Reduvia - [Ash of War] Reduvia Blood Blade,0,860,1,0,[0|0],300104910,0,0,0,12,0,[0|0]
500000861,Reduvia - [Ash of War] Reduvia Blood Blade - FP - Followup #2 - Bullet,0,861,1,1,[0|0],2717,0,20,0,12,0,[0|0]
500000862,Reduvia - [Ash of War] Reduvia Blood Blade - No FP - Followup #2 - Hit,0,862,1,0,[0|0],300104912,0,20,0,12,0,[0|0]
500000900,Bloody Helice - [Ash of War] Dynast's Finesse - FP,0,900,1,0,[0|0],300602900,0,15,0,12,0,[0|0]
500000901,Bloody Helice - [Ash of War] Dynast's Finesse - FP - Thrust,0,901,1,0,[0|0],300602901,0,25,0,12,0,[0|0]
500000902,Bloody Helice - [Ash of War] Dynast's Finesse - FP - Thrust,0,902,1,0,[0|0],300602902,0,10,0,12,0,[0|0]
500000903,Bloody Helice - [Ash of War] Dynast's Finesse - FP - Slash,0,903,1,0,[0|0],300602903,0,20,0,12,0,[0|0]
500000905,Bloody Helice - [Ash of War] Dynast's Finesse - No FP,0,905,1,0,[0|0],300602905,0,15,0,12,0,[0|0]
500000906,Bloody Helice - [Ash of War] Dynast's Finesse - No FP - Thrust,0,906,1,0,[0|0],300602906,0,25,0,12,0,[0|0]
500000907,Bloody Helice - [Ash of War] Dynast's Finesse - No FP - Thrust,0,907,1,0,[0|0],300602907,0,10,0,12,0,[0|0]
500000908,Bloody Helice - [Ash of War] Dynast's Finesse - No FP - Slash,0,908,1,0,[0|0],300602908,0,20,0,12,0,[0|0]
600000100,Regalia of Eochaid - [Ash of War] Eochaid's Dancing Blade - FP - Followup - Hit #1,0,100,1,0,[0|0],300208920,0,0,0,12,0,[0|0]
600000101,Regalia of Eochaid - [Ash of War] Eochaid's Dancing Blade - FP - Followup - Hit #2,0,101,1,0,[0|0],300208921,0,10,0,12,0,[0|0]
600000102,Regalia of Eochaid - [Ash of War] Eochaid's Dancing Blade,0,102,1,0,[0|0],300208922,0,0,0,12,0,[0|0]
600000103,Regalia of Eochaid - [Ash of War] Eochaid's Dancing Blade - FP - Followup - Hit #3,0,103,1,0,[0|0],300208923,0,10,0,12,0,[0|0]
600000105,Regalia of Eochaid - [Ash of War] Eochaid's Dancing Blade - FP - Hit #1,0,105,1,0,[0|0],300208924,0,0,0,12,0,[0|0]
600000106,Regalia of Eochaid - [Ash of War] Eochaid's Dancing Blade - FP - Hit #2,0,106,1,0,[0|0],300208925,0,12,0,12,0,[0|0]
600000107,Regalia of Eochaid - [Ash of War] Eochaid's Dancing Blade,0,107,1,0,[0|0],300208926,0,0,0,12,0,[0|0]
600000108,Regalia of Eochaid - [Ash of War] Eochaid's Dancing Blade - FP - Hit #3,0,108,1,0,[0|0],300208927,0,12,0,12,0,[0|0]
600000150,Coil Shield - [Ash of War] Viper Bite - FP - Hit,0,150,1,0,[0|0],303020900,0,10,0,12,0,[0|0]
600000151,Coil Shield - [Ash of War] Viper Bite - No FP - Hit,0,151,1,0,[0|0],303020901,0,10,0,12,0,[0|0]
600000200,Giant's Red Braid,0,200,1,0,[0|0],302006900,0,20,0,12,0,[0|0]
600000201,Giant's Red Braid,0,201,1,0,[0|0],302006901,0,10,0,12,0,[0|0]
600000202,Giant's Red Braid,0,202,1,0,[0|0],302006902,0,10,0,12,0,[0|0]
600000203,Giant's Red Braid,0,203,1,0,[0|0],302006903,0,10,0,12,0,[0|0]
600000204,Giant's Red Braid,0,204,1,0,[0|0],302006904,0,20,0,12,0,[0|0]
600000210,Giant's Red Braid,0,210,1,0,[0|0],302006910,0,20,0,12,0,[0|0]
600000211,Giant's Red Braid,0,211,1,0,[0|0],302006911,0,10,0,12,0,[0|0]
600000212,Giant's Red Braid,0,212,1,0,[0|0],302006912,0,10,0,12,0,[0|0]
600000213,Giant's Red Braid,0,213,1,0,[0|0],302006913,0,10,0,12,0,[0|0]
600000214,Giant's Red Braid,0,214,1,0,[0|0],302006914,0,20,0,12,0,[0|0]
600000250,Visage Shield - [Ash of War] Tongues of Fire - FP - Bullet,0,250,1,1,[0|0],2685,0,20,0,12,0,[0|0]
600000251,Visage Shield - [Ash of War] Tongues of Fire,0,251,1,1,[0|0],2686,0,0,0,12,0,[0|0]
600000252,Visage Shield - [Ash of War] Tongues of Fire,0,252,1,1,[0|0],2687,0,0,0,12,0,[0|0]
600000300,Dragonscale Blade,0,300,1,0,[0|0],300900100,0,15,0,12,0,[0|0]
600000301,Dragonscale Blade,0,301,1,1,[0|0],2730,0,0,0,12,0,[0|0]
600000302,Dragonscale Blade,0,302,1,0,[0|0],300900113,0,25,0,12,0,[0|0]
600000303,,0,303,1,0,[0|0],300900114,0,10,0,12,0,[0|0]
600000350,One-Eyed Shield - [Ash of War] Flame Spit - FP - Bullet,0,350,1,1,[0|0],2680,0,100,0,12,0,[0|0]
600000351,One-Eyed Shield - [Ash of War] Flame Spit,0,351,1,1,[0|0],2681,0,0,0,12,0,[0|0]
600000400,Scepter of the All-Knowing - [Ash of War] Knowledge Above All - FP,0,400,1,1,[0|0],2114,0,30,0,1,0,[0|0]
600000450,Cranial Vessel Candlestand - [Ash of War] Surge of Faith - FP - Hit,0,450,1,0,[0|0],301217900,0,0,0,12,0,[0|0]
600000451,Cranial Vessel Candlestand - [Ash of War] Surge of Faith,0,451,1,0,[0|0],301217901,0,0,0,12,0,[0|0]
600000452,Cranial Vessel Candlestand - [Ash of War] Surge of Faith,0,452,1,0,[0|0],301217902,0,0,0,12,0,[0|0]
600000455,Cranial Vessel Candlestand - [Ash of War] Surge of Faith - FP - Followup - Bullet,0,455,1,1,[0|0],2370,0,45,0,12,0,[0|0]
600000460,Cranial Vessel Candlestand - [Ash of War] Surge of Faith - FP - Bullet #1,0,460,1,1,[0|0],2371,0,0,0,12,0,[0|0]
600000461,Cranial Vessel Candlestand - [Ash of War] Surge of Faith - FP - Bullet #2,0,461,1,1,[0|0],2372,0,0,0,12,0,[0|0]
600000462,Cranial Vessel Candlestand - [Ash of War] Surge of Faith - FP - Bullet #3,0,462,1,1,[0|0],2373,0,0,0,12,0,[0|0]
600000463,Cranial Vessel Candlestand - [Ash of War] Surge of Faith - FP - Bullet #4,0,463,1,1,[0|0],2374,0,0,0,12,0,[0|0]
600000464,Cranial Vessel Candlestand - [Ash of War] Surge of Faith,0,464,1,1,[0|0],2375,0,0,0,12,0,[0|0]
600000470,Cranial Vessel Candlestand - [Ash of War] Surge of Faith - No FP - Hit #1,0,470,1,0,[0|0],301217920,0,0,0,12,0,[0|0]
600000471,Cranial Vessel Candlestand - [Ash of War] Surge of Faith - No FP - Hit #2,0,471,1,0,[0|0],301217921,0,45,0,12,0,[0|0]
600000472,Cranial Vessel Candlestand - [Ash of War] Surge of Faith - No FP - Hit #3,0,472,1,0,[0|0],301217922,0,0,0,12,0,[0|0]
600000475,Cranial Vessel Candlestand - [Ash of War] Surge of Faith,0,475,1,0,[0|0],301217925,0,0,0,12,0,[0|0]
600000480,Cranial Vessel Candlestand - [Ash of War] Surge of Faith - No FP - Followup - Hit,0,480,1,0,[0|0],301217930,0,45,0,12,0,[0|0]
600000500,Magma Wyrm's Scalesword - [Ash of War] Magma Guillotine - FP - Slam,0,500,1,0,[0|0],300729000,0,38,0,12,0,[0|0]
600000501,Magma Wyrm's Scalesword - [Ash of War] Magma Guillotine - FP - Bullet #1,0,501,1,1,[0|0],2860,0,0,0,1,0,[0|0]
600000502,Magma Wyrm's Scalesword - [Ash of War] Magma Guillotine - FP - Bullet #2,0,502,1,1,[0|0],2862,0,0,0,1,0,[0|0]
600000503,Magma Wyrm's Scalesword - [Ash of War] Magma Guillotine - FP - Followup #1,0,503,1,0,[0|0],300729003,0,15,0,12,0,[0|0]
600000504,Magma Wyrm's Scalesword - [Ash of War] Magma Guillotine - FP - Followup #2,0,504,1,0,[0|0],300729004,0,12,0,12,0,[0|0]
600000505,Magma Wyrm's Scalesword - [Ash of War] Magma Guillotine - No FP - Slam,0,505,1,0,[0|0],300729005,0,40,0,12,0,[0|0]
600000506,Magma Wyrm's Scalesword - [Ash of War] Magma Guillotine - No FP - Followup #1,0,506,1,0,[0|0],300729006,0,20,0,12,0,[0|0]
600000507,Magma Wyrm's Scalesword - [Ash of War] Magma Guillotine - No FP - Followup #2,0,507,1,0,[0|0],300729007,0,20,0,12,0,[0|0]
600000550,Erdtree Greatshield - [Ash of War] Golden Retaliation - FP - Bullet #1,0,550,1,1,[0|0],2840,0,10,0,12,0,[0|0]
600000551,Erdtree Greatshield - [Ash of War] Golden Retaliation,0,551,1,1,[0|0],2841,0,0,0,12,0,[0|0]
600000555,Erdtree Greatshield - [Ash of War] Golden Retaliation - FP - Bullet #2,0,555,1,1,[0|0],2842,0,0,0,12,0,[0|0]
600000556,Erdtree Greatshield - [Ash of War] Golden Retaliation,0,556,1,1,[0|0],2843,0,0,0,12,0,[0|0]
600000600,Bastard's Stars - [Ash of War] Nebula - FP - Bullet,0,600,1,0,[0|0],303400900,0,25,0,12,0,[0|0]
600000601,Bastard's Stars - [Ash of War] Nebula,0,601,1,1,[0|0],2360,0,0,0,1,0,[0|0]
600000605,Bastard's Stars - [Ash of War] Nebula - No FP - Attack,0,605,1,0,[0|0],303400905,0,25,0,12,0,[0|0]
600000700,Sword of Milos - [Ash of War] Shriek of Milos,0,700,1,0,[0|0],303400400,0,20,0,12,0,[0|0]
600000701,Sword of Milos - [Ash of War] Shriek of Milos,0,701,1,0,[0|0],303400401,0,40,0,12,0,[0|0]
600000705,Sword of Milos - [Ash of War] Shriek of Milos - FP - Bullet,0,705,1,1,[0|0],2960,0,0,0,1,0,[0|0]
600000800,Siluria's Tree - [Ash of War] Siluria's Tree - FP - Hit,0,800,1,0,[0|0],301702900,0,40,0,12,0,[0|0]
600000805,Siluria's Tree - [Ash of War] Siluria's Tree,0,805,1,1,[0|0],2380,0,0,0,12,0,[0|0]
600000810,Siluria's Tree - [Ash of War] Siluria's Tree - FP - Bullet,0,810,1,1,[0|0],2381,0,0,0,12,0,[0|0]
600000815,Siluria's Tree - [Ash of War] Siluria's Tree - FP - Followup - Hit,0,815,1,0,[0|0],301702915,0,40,0,12,0,[0|0]
600000820,Siluria's Tree - [Ash of War] Siluria's Tree - FP - Followup - Bullet,0,820,1,1,[0|0],2382,0,0,0,12,0,[0|0]
600000825,Siluria's Tree - [Ash of War] Siluria's Tree - No FP - Hit,0,825,1,0,[0|0],301702925,0,40,0,12,0,[0|0]
600000830,Siluria's Tree - [Ash of War] Siluria's Tree - No FP - Followup - Hit,0,830,1,0,[0|0],301702930,0,40,0,12,0,[0|0]
600000901,Sacred Relic Sword,0,901,1,0,[0|0],300310901,0,70,0,12,0,[0|0]
600000905,Sacred Relic Sword,0,905,1,1,[0|0],4000,0,70,0,12,0,[0|0]
700000100,Hand of Malenia,0,100,1,0,[0|0],300900200,0,0,0,12,0,[0|0]
700000101,Hand of Malenia,0,101,1,0,[0|0],300900205,0,13,0,12,0,[0|0]
700000102,Hand of Malenia,0,102,1,0,[0|0],300900206,0,13,0,12,0,[0|0]
700000103,Hand of Malenia,0,103,1,0,[0|0],300900207,0,13,0,12,0,[0|0]
700000104,Hand of Malenia,0,104,1,0,[0|0],300900208,0,13,0,12,0,[0|0]
700000105,Hand of Malenia,0,105,1,0,[0|0],300900209,0,13,0,12,0,[0|0]
700000106,Hand of Malenia,0,106,1,0,[0|0],300900210,0,13,0,12,0,[0|0]
700000107,Hand of Malenia,0,107,1,0,[0|0],300900211,0,13,0,12,0,[0|0]
700000108,Hand of Malenia,0,108,1,0,[0|0],300900212,0,13,0,12,0,[0|0]
700000109,Hand of Malenia,0,109,1,0,[0|0],300900213,0,16,0,12,0,[0|0]
700000110,Hand of Malenia,0,110,1,0,[0|0],300900214,0,13,0,12,0,[0|0]
700000111,Hand of Malenia,0,111,1,0,[0|0],300900215,0,13,0,12,0,[0|0]
700000112,Hand of Malenia,0,112,1,0,[0|0],300900216,0,13,0,12,0,[0|0]
700000113,Hand of Malenia,0,113,1,0,[0|0],300900217,0,13,0,12,0,[0|0]
700000114,Hand of Malenia,0,114,1,0,[0|0],300900218,0,13,0,12,0,[0|0]
700000115,Hand of Malenia,0,115,1,0,[0|0],300900219,0,13,0,12,0,[0|0]
700000116,Hand of Malenia,0,116,1,0,[0|0],300900220,0,13,0,12,0,[0|0]
700000117,Hand of Malenia,0,117,1,0,[0|0],300900221,0,13,0,12,0,[0|0]
700000118,Hand of Malenia,0,118,1,0,[0|0],300900222,0,16,0,12,0,[0|0]
700000120,Hand of Malenia,0,120,1,0,[0|0],300900201,0,0,0,12,0,[0|0]
700000200,Vyke's War Spear,0,200,1,0,[0|0],301705900,0,40,0,12,0,[0|0]
700000201,Vyke's War Spear,0,201,1,1,[0|0],2745,0,0,0,12,0,[0|0]
700000202,Vyke's War Spear,0,202,1,1,[0|0],2746,0,0,0,12,0,[0|0]
700000205,Vyke's War Spear,0,205,1,1,[0|0],2747,0,0,0,12,0,[0|0]
700000206,Vyke's War Spear,0,206,1,1,[0|0],2748,0,0,0,12,0,[0|0]
700000207,Vyke's War Spear,0,207,1,1,[0|0],2749,0,0,0,12,0,[0|0]
700000220,Vyke's War Spear,0,220,1,0,[0|0],301705920,0,0,0,12,0,[0|0]
700000225,Vyke's War Spear,0,225,1,0,[0|0],301705925,0,40,0,12,0,[0|0]
700000300,Ordovis's Greatsword - [Ash of War] Ordovis's Vortex - FP - Hit,0,300,1,0,[0|0],300306900,0,50,0,12,0,[0|0]
700000305,Ordovis's Greatsword - [Ash of War] Ordovis's Vortex - FP - Bullet,0,305,1,1,[0|0],2780,0,0,0,12,0,[0|0]
700000306,Ordovis's Greatsword,0,306,1,1,[0|0],2781,0,0,0,12,0,[0|0]
700000307,Ordovis's Greatsword,0,307,1,1,[0|0],2782,0,0,0,12,0,[0|0]
700000310,Ordovis's Greatsword - [Ash of War] Ordovis's Vortex - No FP - Hit,0,310,1,0,[0|0],300306910,0,35,0,12,0,[0|0]
700000315,Ordovis's Greatsword - [Ash of War] Ordovis's Vortex - No FP - Bullet,0,315,1,1,[0|0],2783,0,0,0,12,0,[0|0]
700000320,Ordovis's Greatsword - [Ash of War] Ordovis's Vortex - FP - Followup - Hit,0,320,1,0,[0|0],300306920,0,50,0,12,0,[0|0]
700000325,Ordovis's Greatsword - [Ash of War] Ordovis's Vortex - No FP - Followup - Hit,0,325,1,0,[0|0],300306925,0,35,0,12,0,[0|0]
700000400,Rivers of Blood - [Ash of War] Corpse Piler - FP - Slash #1,0,400,1,0,[0|0],303400300,0,14,0,12,0,[0|0]
700000401,Rivers of Blood - [Ash of War] Corpse Piler - FP - Slash #2,0,401,1,0,[0|0],303400301,0,14,0,12,0,[0|0]
700000402,Rivers of Blood - [Ash of War] Corpse Piler - FP - Followup - Slash #1,0,402,1,0,[0|0],303400302,0,14,0,12,0,[0|0]
700000403,Rivers of Blood - [Ash of War] Corpse Piler - FP - Followup - Slash #2,0,403,1,0,[0|0],303400303,0,14,0,12,0,[0|0]
700000404,Rivers of Blood - [Ash of War] Corpse Piler - FP - Followup - Slash #3,0,404,1,0,[0|0],303400304,0,14,0,12,0,[0|0]
700000405,Rivers of Blood - [Ash of War] Corpse Piler - FP - Final Slash,0,405,1,0,[0|0],303400305,0,20,0,12,0,[0|0]
700000410,Rivers of Blood - [Ash of War] Corpse Piler - No FP - Slash #1,0,410,1,0,[0|0],303400310,0,14,0,12,0,[0|0]
700000411,Rivers of Blood - [Ash of War] Corpse Piler - No FP - Slash #2,0,411,1,0,[0|0],303400311,0,14,0,12,0,[0|0]
700000412,Rivers of Blood - [Ash of War] Corpse Piler - No FP - Followup - Slash #1,0,412,1,0,[0|0],303400312,0,14,0,12,0,[0|0]
700000413,Rivers of Blood - [Ash of War] Corpse Piler - No FP - Followup - Slash #2,0,413,1,0,[0|0],303400313,0,14,0,12,0,[0|0]
700000414,Rivers of Blood - [Ash of War] Corpse Piler - No FP - Followup - Slash #3,0,414,1,0,[0|0],303400314,0,14,0,12,0,[0|0]
700000415,Rivers of Blood - [Ash of War] Corpse Piler - No FP - Final Slash,0,415,1,0,[0|0],303400315,0,20,0,12,0,[0|0]
700000500,Veteran's Prosthesis - [Ash of War] Storm Kick - FP - Slam - Hit #1,0,500,1,0,[0|0],302112900,0,15,0,12,0,[0|0]
700000501,Veteran's Prosthesis - [Ash of War] Storm Kick - FP - Slam - Hit #2,0,501,1,0,[0|0],302112901,0,0,0,12,0,[0|0]
700000502,Veteran's Prosthesis - [Ash of War] Storm Kick - FP - Followup #1 - Hit #1,0,502,1,0,[0|0],302112902,0,25,0,12,0,[0|0]
700000503,Veteran's Prosthesis - [Ash of War] Storm Kick - FP - Followup #1 - Hit #2,0,503,1,0,[0|0],302112903,0,0,0,12,0,[0|0]
700000504,Veteran's Prosthesis - [Ash of War] Storm Kick - FP - Followup #1 - Hit #3,0,504,1,0,[0|0],302112904,0,0,0,12,0,[0|0]
700000505,Veteran's Prosthesis - [Ash of War] Storm Kick - No FP - Slam - Hit #1,0,505,1,0,[0|0],302112905,0,15,0,12,0,[0|0]
700000506,Veteran's Prosthesis - [Ash of War] Storm Kick - No FP - Slam - Hit #2,0,506,1,0,[0|0],302112906,0,0,0,12,0,[0|0]
700000507,Veteran's Prosthesis - [Ash of War] Storm Kick - No FP - Followup #1 - Hit #1,0,507,1,0,[0|0],302112907,0,25,0,12,0,[0|0]
700000508,Veteran's Prosthesis - [Ash of War] Storm Kick - No FP - Followup #1 - Hit #2,0,508,1,0,[0|0],302112908,0,0,0,12,0,[0|0]
700000509,Veteran's Prosthesis - [Ash of War] Storm Kick - No FP - Followup #1 - Hit #3,0,509,1,0,[0|0],302112909,0,0,0,12,0,[0|0]
700000510,Veteran's Prosthesis - [Ash of War] Storm Kick - FP - Final - Hit #1,0,510,1,0,[0|0],302112910,0,15,0,12,0,[0|0]
700000511,Veteran's Prosthesis - [Ash of War] Storm Kick - FP - Final - Hit #2,0,511,1,0,[0|0],302112911,0,0,0,12,0,[0|0]
700000512,Veteran's Prosthesis - [Ash of War] Storm Kick - FP - Followup #2 - Hit #1,0,512,1,0,[0|0],302112912,0,25,0,12,0,[0|0]
700000513,Veteran's Prosthesis - [Ash of War] Storm Kick - FP - Followup #2 - Hit #3,0,513,1,0,[0|0],302112913,0,0,0,12,0,[0|0]
700000514,Veteran's Prosthesis - [Ash of War] Storm Kick - FP - Followup #2 - Hit #4,0,514,1,0,[0|0],302112914,0,0,0,12,0,[0|0]
700000515,Veteran's Prosthesis - [Ash of War] Storm Kick - No FP - Final - Hit #1,0,515,1,0,[0|0],302112915,0,15,0,12,0,[0|0]
700000516,Veteran's Prosthesis - [Ash of War] Storm Kick - No FP - Final - Hit #2,0,516,1,0,[0|0],302112916,0,0,0,12,0,[0|0]
700000517,Veteran's Prosthesis - [Ash of War] Storm Kick - No FP - Followup #2 - Hit #1,0,517,1,0,[0|0],302112917,0,25,0,12,0,[0|0]
700000518,Veteran's Prosthesis - [Ash of War] Storm Kick - No FP - Followup #2 - Hit #2,0,518,1,0,[0|0],302112918,0,0,0,12,0,[0|0]
700000519,Veteran's Prosthesis - [Ash of War] Storm Kick - No FP - Followup #2 - Hit #3,0,519,1,0,[0|0],302112919,0,0,0,12,0,[0|0]
700000600,Eleonora's Poleblade - [Ash of War] Bloodblade Dance - FP - Hit #1,0,600,1,0,[0|0],301005900,0,8,0,12,0,[0|0]
700000601,Eleonora's Poleblade - [Ash of War] Bloodblade Dance - FP - Hit #2,0,601,1,0,[0|0],301005901,0,8,0,12,0,[0|0]
700000602,Eleonora's Poleblade - [Ash of War] Bloodblade Dance - FP - Hit #3,0,602,1,0,[0|0],301005902,0,10,0,12,0,[0|0]
700000603,Eleonora's Poleblade - [Ash of War] Bloodblade Dance - FP - Hit #4,0,603,1,0,[0|0],301005903,0,10,0,12,0,[0|0]
700000604,Eleonora's Poleblade - [Ash of War] Bloodblade Dance - FP - Hit #5,0,604,1,0,[0|0],301005904,0,14,0,12,0,[0|0]
700000610,Eleonora's Poleblade - [Ash of War] Bloodblade Dance - FP - Leap,0,610,1,0,[0|0],301005910,0,0,0,12,0,[0|0]
700000615,Eleonora's Poleblade - [Ash of War] Bloodblade Dance - No FP - Hit #1,0,615,1,0,[0|0],301005915,0,8,0,12,0,[0|0]
700000616,Eleonora's Poleblade - [Ash of War] Bloodblade Dance - No FP - Hit #2,0,616,1,0,[0|0],301005916,0,8,0,12,0,[0|0]
700000617,Eleonora's Poleblade - [Ash of War] Bloodblade Dance - No FP - Hit #3,0,617,1,0,[0|0],301005917,0,10,0,12,0,[0|0]
700000618,Eleonora's Poleblade - [Ash of War] Bloodblade Dance - No FP - Hit #4,0,618,1,0,[0|0],301005918,0,10,0,12,0,[0|0]
700000619,Eleonora's Poleblade - [Ash of War] Bloodblade Dance - No FP - Hit #5,0,619,1,0,[0|0],301005919,0,14,0,12,0,[0|0]
700000620,Eleonora's Poleblade - [Ash of War] Bloodblade Dance - FP - Followup - Hit #1,0,620,1,0,[0|0],301005920,0,14,0,12,0,[0|0]
700000621,Eleonora's Poleblade - [Ash of War] Bloodblade Dance - FP - Followup - Hit #2,0,621,1,0,[0|0],301005921,0,16,0,12,0,[0|0]
700000625,Eleonora's Poleblade - [Ash of War] Bloodblade Dance - No FP - Followup - Hit #1,0,625,1,0,[0|0],301005925,0,14,0,12,0,[0|0]
700000626,Eleonora's Poleblade - [Ash of War] Bloodblade Dance - No FP - Followup - Hit #2,0,626,1,0,[0|0],301005926,0,16,0,12,0,[0|0]
700000650,Halo Scythe,0,650,1,0,[0|0],301902900,0,0,0,12,0,[0|0]
700000651,Halo Scythe,0,651,1,1,[0|0],2760,0,20,0,12,0,[0|0]
700000652,Halo Scythe,0,652,1,1,[0|0],2761,0,0,0,12,0,[0|0]
700000655,Halo Scythe,0,655,1,0,[0|0],301902905,0,20,0,12,0,[0|0]
700000660,Halo Scythe,0,660,1,0,[0|0],301902910,0,0,0,12,0,[0|0]
700000661,Halo Scythe,0,661,1,1,[0|0],2762,0,20,0,12,0,[0|0]
700000662,Halo Scythe,0,662,1,1,[0|0],2763,0,0,0,12,0,[0|0]
700000665,Halo Scythe,0,665,1,0,[0|0],301902915,0,20,0,12,0,[0|0]
700000670,Halo Scythe,0,670,1,0,[0|0],301902920,0,0,0,12,0,[0|0]
700000671,Halo Scythe,0,671,1,1,[0|0],2764,0,20,0,12,0,[0|0]
700000672,Halo Scythe,0,672,1,1,[0|0],2765,0,0,0,12,0,[0|0]
700000675,Halo Scythe,0,675,1,0,[0|0],301902925,0,20,0,12,0,[0|0]
700000700,Bloodhound's Fang - [Ash of War] Bloodhound's Finesse - FP - Sweep,0,700,1,0,[0|0],300804900,0,30,0,12,0,[0|0]
700000701,Bloodhound's Fang - [Ash of War] Bloodhound's Finesse - FP - Forward Dash Slash,0,701,1,0,[0|0],300804901,0,30,0,12,0,[0|0]
700000705,Bloodhound's Fang - [Ash of War] Bloodhound's Finesse - No FP - Sweep,0,705,1,0,[0|0],300804905,0,40,0,12,0,[0|0]
700000706,Bloodhound's Fang - [Ash of War] Bloodhound's Finesse - No FP - Forward Dash Slash,0,706,1,0,[0|0],300804906,0,40,0,12,0,[0|0]
700000750,Bolt of Gransax,0,750,1,1,[0|0],2940,0,30,0,1,0,[0|0]
700000751,Bolt of Gransax,0,751,1,1,[0|0],2941,0,40,0,1,0,[0|0]
700000800,Godslayer's Greatsword - [Ash of War] The Queen's Black Flame - FP - Slash #2,0,800,1,0,[0|0],300800300,0,20,0,12,0,[0|0]
700000801,Godslayer's Greatsword - [Ash of War] The Queen's Black Flame - FP - Slash #1,0,801,1,0,[0|0],300800301,0,5,0,12,0,[0|0]
700000805,Godslayer's Greatsword - [Ash of War] The Queen's Black Flame - FP - Followup,0,805,1,0,[0|0],300800305,0,25,0,12,0,[0|0]
700000810,Godslayer's Greatsword - [Ash of War] The Queen's Black Flame - No FP - Slash #2,0,810,1,0,[0|0],300800310,0,20,0,12,0,[0|0]
700000811,Godslayer's Greatsword,0,811,1,0,[0|0],300800311,0,5,0,12,0,[0|0]
700000815,Godslayer's Greatsword - [Ash of War] The Queen's Black Flame - No FP - Followup,0,815,1,0,[0|0],300800315,0,25,0,12,0,[0|0]
700000850,Death's Poker,0,850,1,0,[0|0],303401300,0,15,0,12,0,[0|0]
700000851,Death's Poker,0,851,1,0,[0|0],303401301,0,10,0,12,0,[0|0]
700000852,Death's Poker,0,852,1,0,[0|0],303401302,0,10,0,12,0,[0|0]
700000853,Death's Poker,0,853,1,1,[0|0],2290,0,0,0,1,0,[0|0]
700000854,Death's Poker,0,854,1,1,[0|0],2292,0,0,0,1,0,[0|0]
700000855,Death's Poker,0,855,1,1,[0|0],2295,0,0,0,1,0,[0|0]
700000856,Death's Poker,0,856,1,0,[0|0],303401307,0,15,0,12,0,[0|0]
700000857,Death's Poker,0,857,1,0,[0|0],303401308,0,10,0,12,0,[0|0]
700000858,Death's Poker,0,858,1,0,[0|0],303401309,0,10,0,12,0,[0|0]
700000900,Dragon King's Cragblade,0,900,1,0,[0|0],303401200,0,30,0,12,0,[0|0]
700000901,Dragon King's Cragblade,0,901,1,0,[0|0],303401201,0,5,0,12,0,[0|0]
700000950,Ringed Finger,0,950,1,0,[0|0],301113900,0,15,0,12,0,[0|0]
700000951,Ringed Finger,0,951,1,0,[0|0],301113901,0,30,0,12,0,[0|0]
700000955,Ringed Finger,0,955,1,0,[0|0],301113905,0,20,0,12,0,[0|0]
700000956,Ringed Finger,0,956,1,0,[0|0],301113906,0,40,0,12,0,[0|0]
800000100,Helphen's Steeple,0,100,1,0,[0|0],303401400,0,10,0,12,0,[0|0]
800000150,Beastclaw Greathammer,0,150,1,0,[0|0],303400400,0,42,0,12,0,[0|0]
800000151,Beastclaw Greathammer,0,151,1,0,[0|0],303400401,0,42,0,12,0,[0|0]
800000155,Beastclaw Greathammer,0,155,1,1,[0|0],2970,0,0,0,1,0,[0|0]
800000200,St. Trina's Torch - [Ash of War] Fires of Slumber - FP - Bullet,0,200,1,1,[0|0],2825,0,0,0,12,0,[0|0]
800000201,St. Trina's Torch - [Ash of War] Fires of Slumber - No FP - Bullet,0,201,1,1,[0|0],2826,0,0,0,12,0,[0|0]
800000300,Fallingstar Beast Jaw - [Ash of War] Gravity Bolt,0,300,1,0,[0|0],302308900,0,0,0,12,0,[0|0]
800000305,Fallingstar Beast Jaw - [Ash of War] Gravity Bolt - FP - bullet,0,305,1,1,[0|0],2345,0,10,0,12,0,[0|0]
800000315,Fallingstar Beast Jaw - [Ash of War] Gravity Bolt - No FP - Hit,0,315,1,0,[0|0],302308915,0,20,0,12,0,[0|0]
800000325,Fallingstar Beast Jaw - [Ash of War] Gravity Bolt - No FP - Hit,0,325,1,0,[0|0],302308925,0,20,0,12,0,[0|0]
800000350,Onyx Lord's Greatsword,0,350,1,1,[0|0],3000,0,3,0,1,0,[0|0]
800000351,Onyx Lord's Greatsword,0,351,1,0,[0|0],303400800,0,30,0,12,0,[0|0]
800000352,Onyx Lord's Greatsword,0,352,1,0,[0|0],303400801,0,40,0,12,0,[0|0]
800000353,Onyx Lord's Greatsword,0,353,1,1,[0|0],3001,0,3,0,1,0,[0|0]
800000354,Onyx Lord's Greatsword,0,354,1,1,[0|0],3002,0,3,0,1,0,[0|0]
800000400,Staff of the Avatar/Rotten Staff - [Ash of War] Erdtree Slam - FP - Hit #1,0,400,1,0,[0|0],302307900,0,45,0,12,0,[0|0]
800000401,Staff of the Avatar/Rotten Staff - [Ash of War] Erdtree Slam - FP - Hit #2,0,401,1,0,[0|0],302307901,0,0,0,12,0,[0|0]
800000402,Staff of the Avatar/Rotten Staff - [Ash of War] Erdtree Slam - FP - Hit #3,0,402,1,0,[0|0],302307902,0,0,0,12,0,[0|0]
800000405,Staff of the Avatar/Rotten Staff - [Ash of War] Erdtree Slam - No FP - Hit #1,0,405,1,0,[0|0],302307905,0,65,0,12,0,[0|0]
800000406,Staff of the Avatar/Rotten Staff - [Ash of War] Erdtree Slam - No FP - Hit #2,0,406,1,0,[0|0],302307906,0,0,0,12,0,[0|0]
800000450,Onyx Lord's Sword,0,450,1,1,[0|0],2990,0,3,0,1,0,[0|0]
800000451,Onyx Lord's Sword,0,451,1,0,[0|0],303400700,0,30,0,12,0,[0|0]
800000452,Onyx Lord's Sword,0,452,1,0,[0|0],303400702,0,40,0,12,0,[0|0]
800000453,Onyx Lord's Sword,0,453,1,1,[0|0],2991,0,3,0,1,0,[0|0]
800000454,Onyx Lord's Sword,0,454,1,1,[0|0],2992,0,3,0,1,0,[0|0]
800000500,Watchdog's Staff - [Ash of War] Sorcery of the Crozier - FP - Bullet,0,500,1,1,[0|0],2920,0,40,0,1,0,[0|0]
800000505,Watchdog's Staff - [Ash of War] Sorcery of the Crozier - No FP - Bullet,0,505,1,0,[0|0],302301905,0,60,0,12,0,[0|0]
800000550,Ghiza's Wheel,0,550,1,0,[0|0],302309900,0,2,0,12,0,[0|0]
800000551,Ghiza's Wheel,0,551,1,0,[0|0],302309901,0,2,0,12,0,[0|0]
800000552,Ghiza's Wheel,0,552,1,0,[0|0],302309902,0,2,0,12,0,[0|0]
800000553,Ghiza's Wheel,0,553,1,0,[0|0],302309903,0,0,0,12,0,[0|0]
800000554,Ghiza's Wheel,0,554,1,0,[0|0],302309905,0,2,0,12,0,[0|0]
800000555,Ghiza's Wheel,0,555,1,0,[0|0],302309906,0,2,0,12,0,[0|0]
800000556,Ghiza's Wheel,0,556,1,0,[0|0],302309907,0,2,0,12,0,[0|0]
800000557,Ghiza's Wheel,0,557,1,0,[0|0],302309908,0,0,0,12,0,[0|0]
800000600,Serpent-Hunter - [Ash of War] Great-Serpent Hunt - FP - Hit #1,0,600,1,0,[0|0],301703900,0,30,0,12,0,[0|0]
800000601,Serpent-Hunter - [Ash of War] Great-Serpent Hunt - FP - Followup - Hit,0,601,1,0,[0|0],301703901,0,40,0,12,0,[0|0]
800000605,Serpent-Hunter - [Ash of War] Great-Serpent Hunt,0,605,1,0,[0|0],301703905,0,20,0,12,0,[0|0]
800000650,Blade of Calling,0,650,1,1,[0|0],2585,0,36,0,12,0,[0|0]
800000651,Serpent-Hunter - [Ash of War] Great-Serpent Hunt - FP - Followup - Hit,0,651,1,0,[0|0],301703951,0,40,0,12,0,[0|0]
800000655,Blade of Calling,0,655,1,0,[0|0],300116905,0,36,0,12,0,[0|0]
800000670,Serpent-Hunter - [Ash of War] Great-Serpent Hunt - No FP - Hit,0,670,1,0,[0|0],301703970,0,40,0,12,0,[0|0]
800000671,Serpent-Hunter - [Ash of War] Great-Serpent Hunt - No FP - Followup - Hit,0,671,1,0,[0|0],301703971,0,20,0,12,0,[0|0]
800000675,Serpent-Hunter - [Ash of War] Great-Serpent Hunt,0,675,1,0,[0|0],301703975,0,40,0,12,0,[0|0]
800000700,Cleanrot Spear - [Ash of War] Sacred Phalanx - FP - Slash,0,700,1,0,[0|0],301604900,0,35,0,12,0,[0|0]
800000701,Cleanrot Spear - [Ash of War] Sacred Phalanx - FP - Bullet,0,701,1,1,[0|0],2910,0,0,0,1,0,[0|0]
800000702,Cleanrot Spear - [Ash of War] Sacred Phalanx,0,702,1,0,[0|0],303400005,0,30,0,12,0,[0|0]
800000703,Cleanrot Spear - [Ash of War] Sacred Phalanx,0,703,1,0,[0|0],303400006,0,40,0,12,0,[0|0]
800000705,Cleanrot Spear - [Ash of War] Sacred Phalanx - No FP - Slash,0,705,1,0,[0|0],301604905,0,50,0,12,0,[0|0]
800000750,Black Knife,0,750,1,1,[0|0],2580,0,36,0,12,0,[0|0]
800000755,Black Knife,0,755,1,0,[0|0],300101905,0,36,0,12,0,[0|0]
800000800,Stormhawk Axe - [Ash of War] Thunderstorm - FP - Spin #1,0,800,1,0,[0|0],301414900,0,10,0,12,0,[0|0]
800000801,Stormhawk Axe - [Ash of War] Thunderstorm - FP - Spin #2,0,801,1,0,[0|0],301414901,0,10,0,12,0,[0|0]
800000802,Stormhawk Axe - [Ash of War] Thunderstorm - FP - Spin #3,0,802,1,0,[0|0],301414902,0,10,0,12,0,[0|0]
800000805,Stormhawk Axe - [Ash of War] Thunderstorm - FP - Bullet #1,0,805,1,1,[0|0],2830,0,0,0,12,0,[0|0]
800000806,Stormhawk Axe - [Ash of War] Thunderstorm - FP - Bullet #2,0,806,1,1,[0|0],2831,0,0,0,12,0,[0|0]
800000807,Stormhawk Axe - [Ash of War] Thunderstorm - FP - Bullet #3,0,807,1,1,[0|0],2832,0,0,0,12,0,[0|0]
800000810,Stormhawk Axe - [Ash of War] Thunderstorm - No FP - Spin #1,0,810,1,0,[0|0],301414910,0,10,0,12,0,[0|0]
800000811,Stormhawk Axe - [Ash of War] Thunderstorm - No FP - Spin #2,0,811,1,0,[0|0],301414911,0,10,0,12,0,[0|0]
800000812,Stormhawk Axe - [Ash of War] Thunderstorm - No FP - Spin #3,0,812,1,0,[0|0],301414912,0,10,0,12,0,[0|0]
800000815,Stormhawk Axe - [Ash of War] Thunderstorm - FP - Followup - Spin #1,0,815,1,0,[0|0],301414915,0,10,0,12,0,[0|0]
800000816,Stormhawk Axe - [Ash of War] Thunderstorm - FP - Followup - Spin #2,0,816,1,0,[0|0],301414916,0,10,0,12,0,[0|0]
800000820,Stormhawk Axe - [Ash of War] Thunderstorm - FP - Followup - Bullet #1,0,820,1,1,[0|0],2833,0,0,0,12,0,[0|0]
800000821,Stormhawk Axe - [Ash of War] Thunderstorm - FP - Followup - Bullet #2,0,821,1,1,[0|0],2834,0,0,0,12,0,[0|0]
800000825,Stormhawk Axe - [Ash of War] Thunderstorm - No FP - Followup - Spin #1,0,825,1,0,[0|0],301414925,0,10,0,12,0,[0|0]
800000826,Stormhawk Axe - [Ash of War] Thunderstorm - No FP - Followup - Spin #2,0,826,1,0,[0|0],301414926,0,10,0,12,0,[0|0]
800000830,Stormhawk Axe - [Ash of War] Thunderstorm - FP - Final - Spin #1,0,830,1,0,[0|0],301414930,0,10,0,12,0,[0|0]
800000831,Stormhawk Axe - [Ash of War] Thunderstorm - FP - Final - Spin #2,0,831,1,0,[0|0],301414931,0,13,0,12,0,[0|0]
800000835,Stormhawk Axe - [Ash of War] Thunderstorm - FP - Final - Bullet #1,0,835,1,1,[0|0],2835,0,0,0,12,0,[0|0]
800000836,Stormhawk Axe - [Ash of War] Thunderstorm - FP - Final - Bullet #2,0,836,1,1,[0|0],2836,0,0,0,12,0,[0|0]
800000840,Stormhawk Axe - [Ash of War] Thunderstorm - No FP - Final - Spin #1,0,840,1,0,[0|0],301414940,0,10,0,12,0,[0|0]
800000841,Stormhawk Axe - [Ash of War] Thunderstorm - No FP - Final - Spin #2,0,841,1,0,[0|0],301414941,0,3,0,12,0,[0|0]
800000850,Nox Flowing Hammer,0,850,1,0,[0|0],301112900,0,16,0,12,0,[0|0]
800000851,Nox Flowing Hammer,0,851,1,0,[0|0],301112901,0,20,0,12,0,[0|0]
800000855,Nox Flowing Hammer,0,855,1,0,[0|0],301112905,0,16,0,12,0,[0|0]
800000856,Nox Flowing Hammer,0,856,1,0,[0|0],301112906,0,20,0,12,0,[0|0]
800000900,Rosus' Axe - [Ash of War] Rosus's Summons - FP - Bullet #1,0,900,1,1,[0|0],2870,0,0,0,12,0,[0|0]
800000901,Rosus' Axe - [Ash of War] Rosus's Summons,0,901,1,1,[0|0],2871,0,0,0,12,0,[0|0]
800000902,Rosus' Axe - [Ash of War] Rosus's Summons,0,902,1,1,[0|0],2872,0,0,0,12,0,[0|0]
800000903,Rosus' Axe - [Ash of War] Rosus's Summons,0,903,1,1,[0|0],2873,0,0,0,12,0,[0|0]
800000904,Rosus' Axe - [Ash of War] Rosus's Summons,0,904,1,1,[0|0],2874,0,0,0,12,0,[0|0]
800000910,Rosus' Axe - [Ash of War] Rosus's Summons - FP - Bullet #2,0,910,1,1,[0|0],2875,0,0,0,12,0,[0|0]
800000911,Rosus' Axe - [Ash of War] Rosus's Summons,0,911,1,1,[0|0],2876,0,0,0,12,0,[0|0]
800000940,Rosus' Axe - [Ash of War] Rosus's Summons - FP - Slam,0,940,1,0,[0|0],301412940,0,20,0,12,0,[0|0]
800000945,Rosus' Axe - [Ash of War] Rosus's Summons - No FP - Slam,0,945,1,0,[0|0],301412945,0,20,0,12,0,[0|0]
800000950,Ruins Greatsword,0,950,1,0,[0|0],303400600,0,30,0,12,0,[0|0]
800000951,Ruins Greatsword,0,951,1,0,[0|0],303400601,0,30,0,12,0,[0|0]
800000955,Ruins Greatsword,0,955,1,1,[0|0],3010,0,0,0,1,0,[0|0]
900000100,Family Heads - [Ash of War] Familal Rancor - FP - Bullet #1,0,100,1,1,[0|0],2020,0,0,0,12,0,[0|0]
900000101,Family Heads - [Ash of War] Familal Rancor,0,101,1,1,[0|0],2021,0,0,0,12,0,[0|0]
900000102,Family Heads - [Ash of War] Familal Rancor - FP - Bullet #2,0,102,1,1,[0|0],2022,0,0,0,12,0,[0|0]
900000103,Family Heads - [Ash of War] Familal Rancor,0,103,1,1,[0|0],2023,0,0,0,12,0,[0|0]
900000104,Family Heads - [Ash of War] Familal Rancor - FP - Bullet #3,0,104,1,1,[0|0],2024,0,0,0,12,0,[0|0]
900000105,Family Heads - [Ash of War] Familal Rancor,0,105,1,1,[0|0],2025,0,0,0,12,0,[0|0]
900000150,Starscourge Greatsword,0,150,1,0,[0|0],300405900,0,30,0,12,0,[0|0]
900000151,Starscourge Greatsword,0,151,1,0,[0|0],300405901,0,0,0,12,0,[0|0]
900000152,Starscourge Greatsword,0,152,1,0,[0|0],300405902,0,0,0,12,0,[0|0]
900000153,Starscourge Greatsword,0,153,1,0,[0|0],300405903,0,0,0,12,0,[0|0]
900000154,Starscourge Greatsword,0,154,1,0,[0|0],300405904,0,0,0,12,0,[0|0]
900000160,Starscourge Greatsword,0,160,1,0,[0|0],300405910,0,15,0,12,0,[0|0]
900000161,Starscourge Greatsword,0,161,1,0,[0|0],300405911,0,15,0,12,0,[0|0]
900000165,Starscourge Greatsword,0,165,1,1,[0|0],2205,0,0,0,12,0,[0|0]
900000170,Starscourge Greatsword,0,170,1,0,[0|0],300405920,0,15,0,12,0,[0|0]
900000171,Starscourge Greatsword,0,171,1,0,[0|0],300405921,0,15,0,12,0,[0|0]
900000200,Devourer's Scepter - [Ash of War] Devourer of Worlds - FP - Bullet,0,200,1,1,[0|0],2116,0,50,0,1,0,[0|0]
900000201,Devourer's Scepter - [Ash of War] Devourer of Worlds - No FP - Bullet,0,201,1,0,[0|0],301202901,0,50,0,12,0,[0|0]
900000255,Axe of Godfrey,0,255,1,1,[0|0],3020,0,0,0,12,0,[0|0]
900000256,,0,256,1,1,[0|0],3021,0,35,0,12,0,[0|0]
900000259,,0,259,1,1,[0|0],3024,0,0,0,12,0,[0|0]
900000260,Axe of Godfrey,0,260,1,0,[0|0],302305910,0,30,0,12,0,[0|0]
900000300,Magma Blade - [Ash of War] Magma Shower - FP - Slash,0,300,1,0,[0|0],303400500,0,15,0,12,0,[0|0]
900000301,Magma Blade - [Ash of War] Magma Shower - FP - Followup #1,0,301,1,0,[0|0],303400501,0,10,0,12,0,[0|0]
900000302,Magma Blade - [Ash of War] Magma Shower - FP - Followup #2,0,302,1,0,[0|0],303400502,0,15,0,12,0,[0|0]
900000303,Magma Blade - [Ash of War] Magma Shower,0,303,1,0,[0|0],303400503,0,15,0,12,0,[0|0]
900000304,Magma Blade - [Ash of War] Magma Shower,0,304,1,0,[0|0],303400504,0,10,0,12,0,[0|0]
900000305,Magma Blade - [Ash of War] Magma Shower,0,305,1,0,[0|0],303400505,0,15,0,12,0,[0|0]
900000306,Magma Blade - [Ash of War] Magma Shower - FP - Bullet,0,306,1,1,[0|0],2980,0,0,0,1,0,[0|0]
900000307,Magma Blade - [Ash of War] Magma Shower,0,307,1,1,[0|0],2981,0,0,0,1,0,[0|0]
900000350,Axe of Godrick,0,350,1,0,[0|0],301504900,0,30,0,12,0,[0|0]
900000355,Axe of Godrick,0,355,1,1,[0|0],2225,0,0,0,12,0,[0|0]
900000356,Axe of Godrick,0,356,1,1,[0|0],2226,0,0,0,12,0,[0|0]
900000357,Axe of Godrick,0,357,1,1,[0|0],2227,0,0,0,12,0,[0|0]
900000358,Axe of Godrick,0,358,1,1,[0|0],2228,0,0,0,12,0,[0|0]
900000360,Axe of Godrick,0,360,1,0,[0|0],301504910,0,30,0,12,0,[0|0]
900000365,Axe of Godrick,0,365,1,1,[0|0],2229,0,0,0,12,0,[0|0]
900000366,Axe of Godrick,0,366,1,1,[0|0],2230,0,0,0,12,0,[0|0]
900000367,Axe of Godrick,0,367,1,1,[0|0],2231,0,0,0,12,0,[0|0]
900000368,Axe of Godrick,0,368,1,1,[0|0],2232,0,0,0,12,0,[0|0]
900000370,Axe of Godrick,0,370,1,0,[0|0],301504920,0,30,0,12,0,[0|0]
900000375,Axe of Godrick,0,375,1,1,[0|0],2233,0,0,0,12,0,[0|0]
900000376,Axe of Godrick,0,376,1,1,[0|0],2234,0,0,0,12,0,[0|0]
900000377,Axe of Godrick,0,377,1,1,[0|0],2235,0,0,0,12,0,[0|0]
900000378,Axe of Godrick,0,378,1,1,[0|0],2236,0,0,0,12,0,[0|0]
900000380,Axe of Godrick,0,380,1,0,[0|0],301504930,0,30,0,12,0,[0|0]
900000385,Axe of Godrick,0,385,1,0,[0|0],301504935,0,30,0,12,0,[0|0]
900000390,Axe of Godrick,0,380,1,0,[0|0],301504940,0,30,0,12,0,[0|0]
900000450,Marika's Hammer,0,450,1,0,[0|0],301115900,0,0,0,12,0,[0|0]
900000451,Marika's Hammer,0,451,1,0,[0|0],301115901,0,25,0,12,0,[0|0]
900000460,Marika's Hammer,0,460,1,1,[0|0],2075,0,0,0,12,0,[0|0]
900000461,Marika's Hammer,0,461,1,1,[0|0],2076,0,0,0,12,0,[0|0]
900000462,Marika's Hammer,0,462,1,1,[0|0],2077,0,0,0,12,0,[0|0]
900000463,Marika's Hammer,0,463,1,1,[0|0],2078,0,0,0,12,0,[0|0]
900000465,Marika's Hammer,0,465,1,0,[0|0],301115915,0,25,0,12,0,[0|0]
900000500,Zamor Curved Sword - [Ash of War] Zamor Ice Storm - FP - Bullet,0,500,1,1,[0|0],3055,0,17,0,1,0,[0|0]
900000501,Zamor Curved Sword - [Ash of War] Zamor Ice Storm - FP - Slam,0,501,1,0,[0|0],303401604,0,10,0,12,0,[0|0]
900000502,Zamor Curved Sword - [Ash of War] Zamor Ice Storm - No FP - Slam,0,502,1,0,[0|0],303401605,0,10,0,12,0,[0|0]
900000550,Royal Greatsword,0,550,1,0,[0|0],300406900,0,0,0,12,0,[0|0]
900000555,Royal Greatsword,0,555,1,0,[0|0],300406905,0,30,0,12,0,[0|0]
900000560,Royal Greatsword,0,560,1,1,[0|0],2195,0,0,0,12,0,[0|0]
900000561,Royal Greatsword,0,561,1,1,[0|0],2196,0,0,0,12,0,[0|0]
900000565,Royal Greatsword,0,565,1,0,[0|0],300406915,0,30,0,12,0,[0|0]
900000600,Gargoyle's Blackblade - [Ash of War] Corpse Wax Cutter - FP - Bullet,0,600,1,1,[0|0],3060,0,25,0,0,0,[0|0]
900000601,Gargoyle's Blackblade - [Ash of War] Corpse Wax Cutter - No FP - Slam,0,601,1,0,[0|0],303401701,0,25,0,12,0,[0|0]
900000655,Death Ritual Spear,0,655,1,1,[0|0],2325,0,25,0,12,0,[0|0]
900000660,Death Ritual Spear,0,660,1,1,[0|0],2330,0,0,0,12,0,[0|0]
900000700,Coded Sword - [Ash of War] Unblockable Blade - FP - Hit,0,700,1,0,[0|0],303400200,0,30,0,12,0,[0|0]
900000701,Coded Sword - [Ash of War] Unblockable Blade - No FP - Hit,0,701,1,0,[0|0],303400201,0,30,0,12,0,[0|0]
900000750,Sword of St. Trina,0,750,1,1,[0|0],2720,0,0,0,1,0,[0|0]
900000751,Sword of St. Trina,0,751,1,0,[0|0],300208910,0,40,0,12,0,[0|0]
900000752,Sword of St. Trina,0,752,1,0,[0|0],300208912,0,40,0,12,0,[0|0]
900000800,Golden Epitaph,0,800,1,0,[0|0],303401800,0,50,0,12,0,[0|0]
900000850,Golden Order Greatsword,0,850,1,1,[0|0],2005,0,30,0,12,0,[0|0]
900000855,Golden Order Greatsword,0,855,1,0,[0|0],300317905,0,13,0,12,0,[0|0]
900000856,Golden Order Greatsword,0,856,1,0,[0|0],300317906,0,17,0,12,0,[0|0]
900000860,Golden Order Greatsword,0,860,1,1,[0|0],2006,0,0,0,12,0,[0|0]
900000861,Golden Order Greatsword,0,861,1,1,[0|0],2007,0,0,0,12,0,[0|0]
900000862,Golden Order Greatsword,0,862,1,1,[0|0],2008,0,0,0,12,0,[0|0]
900000865,Golden Order Greatsword,0,865,1,0,[0|0],300317915,0,13,0,12,0,[0|0]
900000866,Golden Order Greatsword,0,866,1,0,[0|0],300317916,0,17,0,12,0,[0|0]
900000950,Glintstone Kris,0,950,1,1,[0|0],2590,0,20,0,12,0,[0|0]
900000951,Glintstone Kris,0,951,1,1,[0|0],2591,0,12,0,12,0,[0|0]
900000955,Glintstone Kris,0,955,1,0,[0|0],300107905,0,20,0,12,0,[0|0]
900000956,Glintstone Kris,0,956,1,0,[0|0],300107906,0,12,0,12,0,[0|0]
900000960,Glintstone Kris,0,960,1,0,[0|0],300107910,0,24,0,12,0,[0|0]
900000961,Glintstone Kris,0,961,1,0,[0|0],300107911,0,24,0,12,0,[0|0]
900000962,Glintstone Kris,0,962,1,0,[0|0],300107912,0,0,0,12,0,[0|0]
