ID,Name,disableParam_NT,disableParamReserve1,disableParamReserve2,iconId,rank,sortGroupId,spEffectId0,spEffectId1,spEffectId2,itemGetTutorialFlagId,swordArtsParamId,mountValue,sellValue,saleValue,sortId,compTrophySedId,trophySeqId,configurableWepAttr00,configurableWepAttr01,configurableWepAttr02,configurableWepAttr03,configurableWepAttr04,configurableWepAttr05,configurableWepAttr06,configurableWepAttr07,configurableWepAttr08,configurableWepAttr09,configurableWepAttr10,configurableWepAttr11,configurableWepAttr12,configurableWepAttr13,configurableWepAttr14,configurableWepAttr15,rarity,configurableWepAttr16,configurableWepAttr17,configurableWepAttr18,configurableWepAttr19,configurableWepAttr20,configurableWepAttr21,configurableWepAttr22,configurableWepAttr23,isDiscard,isDrop,isDeposit,disableMultiDropShare,showDialogCondType,showLogCondType,pad,defaultWepAttr,isSpecialSwordArt,pad2,canMountWep_Dagger,canMountWep_SwordNormal,canMountWep_SwordLarge,canMountWep_SwordGigantic,canMountWep_SaberNormal,canMountWep_SaberLarge,canMountWep_katana,canMountWep_SwordDoubleEdge,canMountWep_SwordPierce,canMountWep_RapierHeavy,canMountWep_AxeNormal,canMountWep_AxeLarge,canMountWep_HammerNormal,canMountWep_HammerLarge,canMountWep_Flail,canMountWep_SpearNormal,canMountWep_SpearLarge,canMountWep_SpearHeavy,canMountWep_SpearAxe,canMountWep_Sickle,canMountWep_Knuckle,canMountWep_Claw,canMountWep_Whip,canMountWep_AxhammerLarge,canMountWep_BowSmall,canMountWep_BowNormal,canMountWep_BowLarge,canMountWep_ClossBow,canMountWep_Ballista,canMountWep_Staff,canMountWep_Sorcery,canMountWep_Talisman,canMountWep_ShieldSmall,canMountWep_ShieldNormal,canMountWep_ShieldLarge,canMountWep_Torch,canMountWep_HandToHand,canMountWep_PerfumeBottle,canMountWep_ThrustingShield,canMountWep_ThrowingWeapon,canMountWep_ReverseHandSword,canMountWep_LightGreatsword,canMountWep_GreatKatana,canMountWep_BeastClaw,reserved_canMountWep_0x3d_4,reserved2_canMountWep,spEffectMsgId0,spEffectMsgId1,spEffectId_forAtk0,spEffectId_forAtk1,spEffectId_forAtk2,mountWepTextId,pad6
86001,Destined Death,1,0,[0|0|0],10122,0,10,-1,-1,-1,710600,1038,0,300,0,350030,-1,-1,1,1,1,1,1,1,1,1,1,1,1,1,1,0,0,0,3,0,0,0,0,0,0,0,0,1,1,1,0,2,1,0,1,0,0,1,1,1,1,1,1,1,1,1,1,1,1,1,1,1,1,1,1,1,1,1,1,1,1,0,0,0,0,0,0,0,0,0,0,0,0,0,0,0,0,0,0,0,0,0,[0|0],-1,-1,-1,-1,-1,63042,[0|0|0|0|0|0|0|0]
86002,Angel's Wings,1,0,[0|0|0],10726,0,10,-1,-1,-1,710600,1189,0,300,0,350030,-1,-1,1,1,1,1,1,1,1,1,1,1,1,1,1,0,0,0,3,0,0,0,0,0,0,0,0,1,1,1,0,2,1,0,1,0,0,1,1,1,1,1,1,1,1,1,1,1,1,1,1,1,1,1,1,1,1,1,1,1,1,0,0,0,0,0,0,0,0,0,0,0,0,0,0,0,0,0,0,0,0,0,[0|0],-1,-1,-1,-1,-1,63042,[0|0|0|0|0|0|0|0]
86003,Great Oracular Bubble,1,0,[0|0|0],10883,0,10,-1,-1,-1,710600,1005,0,300,0,350030,-1,-1,1,1,1,1,1,1,1,1,1,1,1,1,1,0,0,0,3,0,0,0,0,0,0,0,0,1,1,1,0,2,1,0,1,0,0,1,1,1,1,1,1,1,1,1,1,1,1,1,1,1,1,1,1,1,1,1,1,1,1,0,0,0,0,0,0,0,0,0,0,0,0,0,0,0,0,0,0,0,0,0,[0|0],-1,-1,-1,-1,-1,63042,[0|0|0|0|0|0|0|0]
86004,Night-and-Flame Stance,1,0,[0|0|0],10053,0,10,-1,-1,-1,710600,1019,0,300,0,350030,-1,-1,1,1,1,1,1,1,0,0,1,1,0,0,0,0,0,0,3,0,0,0,0,0,0,0,0,1,1,1,0,2,1,0,1,0,0,1,1,1,1,1,1,1,1,1,1,1,1,1,1,1,1,1,1,1,1,1,1,1,1,0,0,0,0,0,0,0,0,0,0,0,0,0,0,0,0,0,0,0,0,0,[0|0],-1,-1,-1,-1,-1,63042,[0|0|0|0|0|0|0|0]
86005,Taker's Flames,1,0,[0|0|0],10094,0,10,-1,-1,-1,710600,1014,0,300,0,350030,-1,-1,1,1,1,1,1,1,1,1,1,1,1,1,1,0,0,0,3,0,0,0,0,0,0,0,0,1,1,1,0,2,1,0,1,0,0,1,1,1,1,1,1,1,1,1,1,1,1,1,1,1,1,1,1,1,1,1,1,1,1,0,0,0,0,0,0,0,0,0,0,0,0,0,0,0,0,0,0,0,0,0,[0|0],-1,-1,-1,-1,-1,63042,[0|0|0|0|0|0|0|0]
86006,Transient Moonlight,1,0,[0|0|0],10326,0,10,-1,-1,-1,710600,1178,0,300,0,350030,-1,-1,1,1,1,1,1,1,1,1,1,1,1,1,1,0,0,0,3,0,0,0,0,0,0,0,0,1,1,1,0,2,1,0,1,0,0,1,1,1,1,1,1,1,1,1,1,1,1,1,1,1,1,1,1,1,1,1,1,1,1,0,0,0,0,0,0,0,0,0,0,0,0,0,0,0,0,0,0,0,0,0,[0|0],-1,-1,-1,-1,-1,63042,[0|0|0|0|0|0|0|0]
86007,Bloodboon Ritual,1,0,[0|0|0],10641,0,10,-1,-1,-1,710600,1034,0,300,0,350030,-1,-1,1,1,1,1,1,1,1,1,1,1,1,1,1,0,0,0,3,0,0,0,0,0,0,0,0,1,1,1,0,2,1,0,1,0,0,1,1,1,1,1,1,1,1,1,1,1,1,1,1,1,1,1,1,1,1,1,1,1,1,0,0,0,0,0,0,0,0,0,0,0,0,0,0,0,0,0,0,0,0,0,[0|0],-1,-1,-1,-1,-1,63042,[0|0|0|0|0|0|0|0]
86008,Cursed-Blood Slice,1,0,[0|0|0],10288,0,10,-1,-1,-1,710600,1027,0,300,0,350030,-1,-1,1,1,1,1,1,1,1,1,1,1,1,1,1,0,0,0,3,0,0,0,0,0,0,0,0,1,1,1,0,2,1,0,1,0,0,1,1,1,1,1,1,1,1,1,1,1,1,1,1,1,1,1,1,1,1,1,1,1,1,0,0,0,0,0,0,0,0,0,0,0,0,0,0,0,0,0,0,0,0,0,[0|0],-1,-1,-1,-1,-1,63042,[0|0|0|0|0|0|0|0]
86010,Death Flare,1,0,[0|0|0],10250,0,10,-1,-1,-1,710600,1174,0,300,0,350030,-1,-1,1,1,1,1,1,1,1,1,1,1,1,1,1,0,0,0,3,0,0,0,0,0,0,0,0,1,1,1,0,2,1,0,1,0,0,1,1,1,1,1,1,1,1,1,1,1,1,1,1,1,1,1,1,1,1,1,1,1,1,0,0,0,0,0,0,0,0,0,0,0,0,0,0,0,0,0,0,0,0,0,[0|0],-1,-1,-1,-1,-1,63042,[0|0|0|0|0|0|0|0]
86011,Dynast's Finesse,1,0,[0|0|0],10200,0,10,-1,-1,-1,710600,1171,0,300,0,350030,-1,-1,1,1,1,1,1,1,1,1,1,1,1,1,1,0,0,0,3,0,0,0,0,0,0,0,0,1,1,1,0,2,1,0,1,0,0,1,1,1,1,1,1,1,1,1,1,1,1,1,1,1,1,1,1,1,1,1,1,1,1,0,0,0,0,0,0,0,0,0,0,0,0,0,0,0,0,0,0,0,0,0,[0|0],-1,-1,-1,-1,-1,63042,[0|0|0|0|0|0|0|0]
86012,Eochaid's Dancing Blade,1,0,[0|0|0],10095,0,10,-1,-1,-1,710600,1012,0,300,0,350030,-1,-1,1,1,1,1,1,1,1,1,1,1,1,1,1,0,0,0,3,0,0,0,0,0,0,0,0,1,1,1,0,2,1,0,1,0,0,1,1,1,1,1,1,1,1,1,1,1,1,1,1,1,1,1,1,1,1,1,1,1,1,0,0,0,0,0,0,0,0,0,0,0,0,0,0,0,0,0,0,0,0,0,[0|0],-1,-1,-1,-1,-1,63042,[0|0|0|0|0|0|0|0]
86013,Flame Dance,1,0,[0|0|0],10766,0,10,-1,-1,-1,710600,1045,0,300,0,350030,-1,-1,1,1,1,1,1,1,1,1,1,1,1,1,1,0,0,0,3,0,0,0,0,0,0,0,0,1,1,1,0,2,1,0,1,0,0,1,1,1,1,1,1,1,1,1,1,1,1,1,1,1,1,1,1,1,1,1,1,1,1,0,0,0,0,0,0,0,0,0,0,0,0,0,0,0,0,0,0,0,0,0,[0|0],-1,-1,-1,-1,-1,63042,[0|0|0|0|0|0|0|0]
86014,Ice Lightning Sword,1,0,[0|0|0],10327,0,10,-1,-1,-1,710600,1043,0,300,0,350030,-1,-1,1,1,1,1,1,1,1,1,1,1,1,1,1,0,0,0,3,0,0,0,0,0,0,0,0,1,1,1,0,2,1,0,1,0,0,1,1,1,1,1,1,1,1,1,1,1,1,1,1,1,1,1,1,1,1,1,1,1,1,0,0,0,0,0,0,0,0,0,0,0,0,0,0,0,0,0,0,0,0,0,[0|0],-1,-1,-1,-1,-1,63042,[0|0|0|0|0|0|0|0]
86015,Knowledge Above All,1,0,[0|0|0],10410,0,10,-1,-1,-1,710600,1182,0,300,0,350030,-1,-1,1,1,1,1,1,1,1,1,1,1,1,1,1,0,0,0,3,0,0,0,0,0,0,0,0,1,1,1,0,2,1,0,1,0,0,1,1,1,1,1,1,1,1,1,1,1,1,1,1,1,1,1,1,1,1,1,1,1,1,0,0,0,0,0,0,0,0,0,0,0,0,0,0,0,0,0,0,0,0,0,[0|0],-1,-1,-1,-1,-1,63042,[0|0|0|0|0|0|0|0]
86016,Magma Guillotine,1,0,[0|0|0],10283,0,10,-1,-1,-1,710600,1176,0,300,0,350030,-1,-1,1,1,1,1,1,1,1,1,1,1,1,1,1,0,0,0,3,0,0,0,0,0,0,0,0,1,1,1,0,2,1,0,1,0,0,1,1,1,1,1,1,1,1,1,1,1,1,1,1,1,1,1,1,1,1,1,1,1,1,0,0,0,0,0,0,0,0,0,0,0,0,0,0,0,0,0,0,0,0,0,[0|0],-1,-1,-1,-1,-1,63042,[0|0|0|0|0|0|0|0]
86017,Nebula,1,0,[0|0|0],10483,0,10,-1,-1,-1,710600,1047,0,300,0,350030,-1,-1,1,1,1,1,1,1,1,1,1,1,1,1,1,0,0,0,3,0,0,0,0,0,0,0,0,1,1,1,0,2,1,0,1,0,0,1,1,1,1,1,1,1,1,1,1,1,1,1,1,1,1,1,1,1,1,1,1,1,1,0,0,0,0,0,0,0,0,0,0,0,0,0,0,0,0,0,0,0,0,0,[0|0],-1,-1,-1,-1,-1,63042,[0|0|0|0|0|0|0|0]
86018,Shriek of Milos,1,0,[0|0|0],10096,0,10,-1,-1,-1,710600,1015,0,300,0,350030,-1,-1,1,1,1,1,1,1,1,1,1,1,1,1,1,0,0,0,3,0,0,0,0,0,0,0,0,1,1,1,0,2,1,0,1,0,0,1,1,1,1,1,1,1,1,1,1,1,1,1,1,1,1,1,1,1,1,1,1,1,1,0,0,0,0,0,0,0,0,0,0,0,0,0,0,0,0,0,0,0,0,0,[0|0],-1,-1,-1,-1,-1,63042,[0|0|0|0|0|0|0|0]
86019,Siluria's Woe,1,0,[0|0|0],10642,0,10,-1,-1,-1,710600,1009,0,300,0,350030,-1,-1,1,1,1,1,1,1,1,1,1,1,1,1,1,0,0,0,3,0,0,0,0,0,0,0,0,1,1,1,0,2,1,0,1,0,0,1,1,1,1,1,1,1,1,1,1,1,1,1,1,1,1,1,1,1,1,1,1,1,1,0,0,0,0,0,0,0,0,0,0,0,0,0,0,0,0,0,0,0,0,0,[0|0],-1,-1,-1,-1,-1,63042,[0|0|0|0|0|0|0|0]
86020,Wave of Gold,1,0,[0|0|0],10090,0,10,-1,-1,-1,710600,1020,0,300,0,350030,-1,-1,1,1,1,1,1,1,1,1,1,1,1,1,1,0,0,0,3,0,0,0,0,0,0,0,0,1,1,1,0,2,1,0,1,0,0,1,1,1,1,1,1,1,1,1,1,1,1,1,1,1,1,1,1,1,1,1,1,1,1,0,0,0,0,0,0,0,0,0,0,0,0,0,0,0,0,0,0,0,0,0,[0|0],-1,-1,-1,-1,-1,63042,[0|0|0|0|0|0|0|0]
86021,Waterfowl Dance,1,0,[0|0|0],10322,0,10,-1,-1,-1,710600,1028,0,300,0,350030,-1,-1,1,1,1,1,1,1,1,1,1,1,1,1,1,0,0,0,3,0,0,0,0,0,0,0,0,1,1,1,0,2,1,0,1,0,0,1,1,1,1,1,1,1,1,1,1,1,1,1,1,1,1,1,1,1,1,1,1,1,1,0,0,0,0,0,0,0,0,0,0,0,0,0,0,0,0,0,0,0,0,0,[0|0],-1,-1,-1,-1,-1,63042,[0|0|0|0|0|0|0|0]
86022,Frenzyflame Thrust,1,0,[0|0|0],10645,0,10,-1,-1,-1,710600,1050,0,300,0,350030,-1,-1,1,1,1,1,1,1,1,1,1,1,1,1,1,0,0,0,3,0,0,0,0,0,0,0,0,1,1,1,0,2,1,0,1,0,0,1,1,1,1,1,1,1,1,1,1,1,1,1,1,1,1,1,1,1,1,1,1,1,1,0,0,0,0,0,0,0,0,0,0,0,0,0,0,0,0,0,0,0,0,0,[0|0],-1,-1,-1,-1,-1,63042,[0|0|0|0|0|0|0|0]
86023,Ordovis's Vortex,1,0,[0|0|0],10086,0,10,-1,-1,-1,710600,1198,0,300,0,350030,-1,-1,1,1,1,1,1,1,1,1,1,1,1,1,1,0,0,0,3,0,0,0,0,0,0,0,0,1,1,1,0,2,1,0,1,0,0,1,1,1,1,1,1,1,1,1,1,1,1,1,1,1,1,1,1,1,1,1,1,1,1,0,0,0,0,0,0,0,0,0,0,0,0,0,0,0,0,0,0,0,0,0,[0|0],-1,-1,-1,-1,-1,63042,[0|0|0|0|0|0|0|0]
86024,Corpse Piler,1,0,[0|0|0],10324,0,10,-1,-1,-1,710600,1177,0,300,0,350030,-1,-1,1,1,1,1,1,1,1,1,1,1,1,1,1,0,0,0,3,0,0,0,0,0,0,0,0,1,1,1,0,2,1,0,1,0,0,1,1,1,1,1,1,1,1,1,1,1,1,1,1,1,1,1,1,1,1,1,1,1,1,0,0,0,0,0,0,0,0,0,0,0,0,0,0,0,0,0,0,0,0,0,[0|0],-1,-1,-1,-1,-1,63042,[0|0|0|0|0|0|0|0]
86025,Storm Kick,1,0,[0|0|0],10811,0,10,-1,-1,-1,710600,1190,0,300,0,350030,-1,-1,1,1,1,1,1,1,1,1,1,1,1,1,1,0,0,0,3,0,0,0,0,0,0,0,0,1,1,1,0,2,1,0,1,0,0,1,1,1,1,1,1,1,1,1,1,1,1,1,1,1,1,1,1,1,1,1,1,1,1,0,0,0,0,0,0,0,0,0,0,0,0,0,0,0,0,0,0,0,0,0,[0|0],-1,-1,-1,-1,-1,63042,[0|0|0|0|0|0|0|0]
86026,Bloodblade Dance,1,0,[0|0|0],10364,0,10,-1,-1,-1,710600,1179,0,300,0,350030,-1,-1,1,1,1,1,1,1,1,1,1,1,1,1,1,0,0,0,3,0,0,0,0,0,0,0,0,1,1,1,0,2,1,0,1,0,0,1,1,1,1,1,1,1,1,1,1,1,1,1,1,1,1,1,1,1,1,1,1,1,1,0,0,0,0,0,0,0,0,0,0,0,0,0,0,0,0,0,0,0,0,0,[0|0],-1,-1,-1,-1,-1,63042,[0|0|0|0|0|0|0|0]
86027,Bloodhound's Finesse,1,0,[0|0|0],10282,0,10,-1,-1,-1,710600,1175,0,300,0,350030,-1,-1,1,1,1,1,1,1,1,1,1,1,1,1,1,0,0,0,3,0,0,0,0,0,0,0,0,1,1,1,0,2,1,0,1,0,0,1,1,1,1,1,1,1,1,1,1,1,1,1,1,1,1,1,1,1,1,1,1,1,1,0,0,0,0,0,0,0,0,0,0,0,0,0,0,0,0,0,0,0,0,0,[0|0],-1,-1,-1,-1,-1,63042,[0|0|0|0|0|0|0|0]
86028,The Queen's Black Flame,1,0,[0|0|0],10127,0,10,-1,-1,-1,710600,1170,0,300,0,350030,-1,-1,1,1,1,1,1,1,1,1,1,1,1,1,1,0,0,0,3,0,0,0,0,0,0,0,0,1,1,1,0,2,1,0,1,0,0,1,1,1,1,1,1,1,1,1,1,1,1,1,1,1,1,1,1,1,1,1,1,1,1,0,0,0,0,0,0,0,0,0,0,0,0,0,0,0,0,0,0,0,0,0,[0|0],-1,-1,-1,-1,-1,63042,[0|0|0|0|0|0|0|0]
86029,Thundercloud Form,1,0,[0|0|0],10204,0,10,-1,-1,-1,710600,1026,0,300,0,350030,-1,-1,1,1,1,1,1,1,1,1,1,1,1,1,1,0,0,0,3,0,0,0,0,0,0,0,0,1,1,1,0,2,1,0,1,0,0,1,1,1,1,1,1,1,1,1,1,1,1,1,1,1,1,1,1,1,1,1,1,1,1,0,0,0,0,0,0,0,0,0,0,0,0,0,0,0,0,0,0,0,0,0,[0|0],-1,-1,-1,-1,-1,63042,[0|0|0|0|0|0|0|0]
86030,Ruinous Ghostflame,1,0,[0|0|0],10093,0,10,-1,-1,-1,710600,1021,0,300,0,350030,-1,-1,1,1,1,1,1,1,1,1,1,1,1,1,1,0,0,0,3,0,0,0,0,0,0,0,0,1,1,1,0,2,1,0,1,0,0,1,1,1,1,1,1,1,1,1,1,1,1,1,1,1,1,1,1,1,1,1,1,1,1,0,0,0,0,0,0,0,0,0,0,0,0,0,0,0,0,0,0,0,0,0,[0|0],-1,-1,-1,-1,-1,63042,[0|0|0|0|0|0|0|0]
86031,Fires of Slumber,1,0,[0|0|0],10924,0,10,-1,-1,-1,710600,1195,0,300,0,350030,-1,-1,1,1,1,1,1,1,1,1,1,1,1,1,1,0,0,0,3,0,0,0,0,0,0,0,0,1,1,1,0,2,1,0,1,0,0,1,1,1,1,1,1,1,1,1,1,1,1,1,1,1,1,1,1,1,1,1,1,1,1,0,0,0,0,0,0,0,0,0,0,0,0,0,0,0,0,0,0,0,0,0,[0|0],-1,-1,-1,-1,-1,63042,[0|0|0|0|0|0|0|0]
86032,Gravity Bolt,1,0,[0|0|0],10888,0,10,-1,-1,-1,710600,1194,0,300,0,350030,-1,-1,1,1,1,1,1,1,1,1,1,1,1,1,1,0,0,0,3,0,0,0,0,0,0,0,0,1,1,1,0,2,1,0,1,0,0,1,1,1,1,1,1,1,1,1,1,1,1,1,1,1,1,1,1,1,1,1,1,1,1,0,0,0,0,0,0,0,0,0,0,0,0,0,0,0,0,0,0,0,0,0,[0|0],-1,-1,-1,-1,-1,63042,[0|0|0|0|0|0|0|0]
86033,Erdtree Slam,1,0,[0|0|0],10887,0,10,-1,-1,-1,710600,1193,0,300,0,350030,-1,-1,1,1,1,1,1,1,1,1,1,1,1,1,1,0,0,0,3,0,0,0,0,0,0,0,0,1,1,1,0,2,1,0,1,0,0,1,1,1,1,1,1,1,1,1,1,1,1,1,1,1,1,1,1,1,1,1,1,1,1,0,0,0,0,0,0,0,0,0,0,0,0,0,0,0,0,0,0,0,0,0,[0|0],-1,-1,-1,-1,-1,63042,[0|0|0|0|0|0|0|0]
86034,Sorcery of the Crozier,1,0,[0|0|0],10881,0,10,-1,-1,-1,710600,1192,0,300,0,350030,-1,-1,1,1,1,1,1,1,1,1,1,1,1,1,1,0,0,0,3,0,0,0,0,0,0,0,0,1,1,1,0,2,1,0,1,0,0,1,1,1,1,1,1,1,1,1,1,1,1,1,1,1,1,1,1,1,1,1,1,1,1,0,0,0,0,0,0,0,0,0,0,0,0,0,0,0,0,0,0,0,0,0,[0|0],-1,-1,-1,-1,-1,63042,[0|0|0|0|0|0|0|0]
86035,Great-Serpent Hunt,1,0,[0|0|0],10643,0,10,-1,-1,-1,710600,1188,0,300,0,350030,-1,-1,1,1,1,1,1,1,1,1,1,1,1,1,1,0,0,0,3,0,0,0,0,0,0,0,0,1,1,1,0,2,1,0,1,0,0,1,1,1,1,1,1,1,1,1,1,1,1,1,1,1,1,1,1,1,1,1,1,1,1,0,0,0,0,0,0,0,0,0,0,0,0,0,0,0,0,0,0,0,0,0,[0|0],-1,-1,-1,-1,-1,63042,[0|0|0|0|0|0|0|0]
86036,Sacred Phalanx,1,0,[0|0|0],10604,0,10,-1,-1,-1,710600,1187,0,300,0,350030,-1,-1,1,1,1,1,1,1,1,1,1,1,1,1,1,0,0,0,3,0,0,0,0,0,0,0,0,1,1,1,0,2,1,0,1,0,0,1,1,1,1,1,1,1,1,1,1,1,1,1,1,1,1,1,1,1,1,1,1,1,1,0,0,0,0,0,0,0,0,0,0,0,0,0,0,0,0,0,0,0,0,0,[0|0],-1,-1,-1,-1,-1,63042,[0|0|0|0|0|0|0|0]
86037,Thunderstorm,1,0,[0|0|0],10533,0,10,-1,-1,-1,710600,1186,0,300,0,350030,-1,-1,1,1,1,1,1,1,1,1,1,1,1,1,1,0,0,0,3,0,0,0,0,0,0,0,0,1,1,1,0,2,1,0,1,0,0,1,1,1,1,1,1,1,1,1,1,1,1,1,1,1,1,1,1,1,1,1,1,1,1,0,0,0,0,0,0,0,0,0,0,0,0,0,0,0,0,0,0,0,0,0,[0|0],-1,-1,-1,-1,-1,63042,[0|0|0|0|0|0|0|0]
86038,Rosus's Summons,1,0,[0|0|0],10531,0,10,-1,-1,-1,710600,1185,0,300,0,350030,-1,-1,1,1,1,1,1,1,1,1,1,1,1,1,1,0,0,0,3,0,0,0,0,0,0,0,0,1,1,1,0,2,1,0,1,0,0,1,1,1,1,1,1,1,1,1,1,1,1,1,1,1,1,1,1,1,1,1,1,1,1,0,0,0,0,0,0,0,0,0,0,0,0,0,0,0,0,0,0,0,0,0,[0|0],-1,-1,-1,-1,-1,63042,[0|0|0|0|0|0|0|0]
86039,Familial Rancor,1,0,[0|0|0],10482,0,10,-1,-1,-1,710600,1184,0,300,0,350030,-1,-1,1,1,1,1,1,1,1,1,1,1,1,1,1,0,0,0,3,0,0,0,0,0,0,0,0,1,1,1,0,2,1,0,1,0,0,1,1,1,1,1,1,1,1,1,1,1,1,1,1,1,1,1,1,1,1,1,1,1,1,0,0,0,0,0,0,0,0,0,0,0,0,0,0,0,0,0,0,0,0,0,[0|0],-1,-1,-1,-1,-1,63042,[0|0|0|0|0|0|0|0]
86040,Devourer of Worlds,1,0,[0|0|0],10452,0,10,-1,-1,-1,710600,1183,0,300,0,350030,-1,-1,1,1,1,1,1,1,1,1,1,1,1,1,1,0,0,0,3,0,0,0,0,0,0,0,0,1,1,1,0,2,1,0,1,0,0,1,1,1,1,1,1,1,1,1,1,1,1,1,1,1,1,1,1,1,1,1,1,1,1,0,0,0,0,0,0,0,0,0,0,0,0,0,0,0,0,0,0,0,0,0,[0|0],-1,-1,-1,-1,-1,63042,[0|0|0|0|0|0|0|0]
86041,MOONVEIL DUPE,1,0,[0|0|0],8367,0,10,-1,-1,-1,710600,1178,0,300,0,350030,-1,-1,1,1,1,1,1,1,1,1,1,1,1,1,1,0,0,0,3,0,0,0,0,0,0,0,0,1,1,1,0,2,1,0,1,0,0,1,1,1,1,1,1,1,1,1,1,1,1,1,1,1,1,1,1,1,1,1,1,0,1,0,0,0,0,0,0,0,0,0,0,0,0,0,0,0,0,0,0,0,0,0,[0|0],-1,-1,-1,-1,-1,63042,[0|0|0|0|0|0|0|0]
86042,Magma Shower,1,0,[0|0|0],10245,0,10,-1,-1,-1,710600,1172,0,300,0,350030,-1,-1,1,1,1,1,1,1,1,1,1,1,1,1,1,0,0,0,3,0,0,0,0,0,0,0,0,1,1,1,0,2,1,0,1,0,0,1,1,1,1,1,1,1,1,1,1,1,1,1,1,1,1,1,1,1,1,1,1,1,1,0,0,0,0,0,0,0,0,0,0,0,0,0,0,0,0,0,0,0,0,0,[0|0],-1,-1,-1,-1,-1,63042,[0|0|0|0|0|0|0|0]
86043,Radahn's Rain,1,0,[0|0|0],11080,0,10,-1,-1,-1,710600,1169,0,300,0,350030,-1,-1,1,1,1,1,1,1,1,1,1,1,1,1,1,0,0,0,3,0,0,0,0,0,0,0,0,1,1,1,0,2,1,0,1,0,0,1,1,1,1,1,1,1,1,1,1,1,1,1,1,1,1,1,1,1,1,1,1,0,1,0,0,0,0,0,0,0,0,0,0,0,0,0,0,0,0,0,0,0,0,0,[0|0],-1,-1,-1,-1,-1,63042,[0|0|0|0|0|0|0|0]
86044,Zamor Ice Storm,1,0,[0|0|0],10289,0,10,-1,-1,-1,710600,1168,0,300,0,350030,-1,-1,1,1,1,1,1,1,1,1,1,1,1,1,1,0,0,0,3,0,0,0,0,0,0,0,0,1,1,1,0,2,1,0,1,0,0,1,1,1,1,1,1,1,1,1,1,1,1,1,1,1,1,1,1,1,1,1,1,1,1,0,0,0,0,0,0,0,0,0,0,0,0,0,0,0,0,0,0,0,0,0,[0|0],-1,-1,-1,-1,-1,63042,[0|0|0|0|0|0|0|0]
86045,Corpse Wax Cutter,1,0,[0|0|0],10101,0,10,-1,-1,-1,710600,1167,0,300,0,350030,-1,-1,1,1,1,1,1,1,1,1,1,1,1,1,1,0,0,0,3,0,0,0,0,0,0,0,0,1,1,1,0,2,1,0,1,0,0,1,1,1,1,1,1,1,1,1,1,1,1,1,1,1,1,1,1,1,1,1,1,1,1,0,0,0,0,0,0,0,0,0,0,0,0,0,0,0,0,0,0,0,0,0,[0|0],-1,-1,-1,-1,-1,63042,[0|0|0|0|0|0|0|0]
86046,Unblockable Blade,1,0,[0|0|0],10051,0,10,-1,-1,-1,710600,1054,0,300,0,350030,-1,-1,1,1,1,1,1,1,1,1,1,1,1,1,1,0,0,0,3,0,0,0,0,0,0,0,0,1,1,1,0,2,1,0,1,0,0,1,1,1,1,1,1,1,1,1,1,1,1,1,1,1,1,1,1,1,1,1,1,1,1,0,0,0,0,0,0,0,0,0,0,0,0,0,0,0,0,0,0,0,0,0,[0|0],-1,-1,-1,-1,-1,63042,[0|0|0|0|0|0|0|0]
86047,Last Rites,1,0,[0|0|0],10047,0,10,-1,-1,-1,710600,1053,0,300,0,350030,-1,-1,1,1,1,1,1,1,1,1,1,1,1,1,1,0,0,0,3,0,0,0,0,0,0,0,0,1,1,1,0,2,1,0,1,0,0,1,1,1,1,1,1,1,1,1,1,1,1,1,1,1,1,1,1,1,1,1,1,1,1,0,0,0,0,0,0,0,0,0,0,0,0,0,0,0,0,0,0,0,0,0,[0|0],-1,-1,-1,-1,-1,63042,[0|0|0|0|0|0|0|0]
86048,Golden Tempering,1,0,[0|0|0],10046,0,10,-1,-1,-1,710600,1052,0,300,0,350030,-1,-1,1,1,1,1,1,1,1,1,1,1,1,1,1,0,0,0,3,0,0,0,0,0,0,0,0,1,1,1,0,2,1,0,1,0,0,1,1,1,1,1,1,1,1,1,1,1,1,1,1,1,1,1,1,1,1,1,1,1,1,0,0,0,0,0,0,0,0,0,0,0,0,0,0,0,0,0,0,0,0,0,[0|0],-1,-1,-1,-1,-1,63042,[0|0|0|0|0|0|0|0]
86049,Miquella's Ring of Light,1,0,[0|0|0],10722,0,10,-1,-1,-1,710600,1051,0,300,0,350030,-1,-1,1,1,1,1,1,1,1,1,1,1,1,1,1,0,0,0,3,0,0,0,0,0,0,0,0,1,1,1,0,2,1,0,1,0,0,1,1,1,1,1,1,1,1,1,1,1,1,1,1,1,1,1,1,1,1,1,1,1,1,0,0,0,0,0,0,0,0,0,0,0,0,0,0,0,0,0,0,0,0,0,[0|0],-1,-1,-1,-1,-1,63042,[0|0|0|0|0|0|0|0]
86050,Ancient Lightning Spear ,1,0,[0|0|0],10609,0,10,-1,-1,-1,710600,1049,0,300,0,350030,-1,-1,1,1,1,1,1,1,1,1,1,1,1,1,1,0,0,0,3,0,0,0,0,0,0,0,0,1,1,1,0,2,1,0,1,0,0,1,1,1,1,1,1,1,1,1,1,1,1,1,1,1,1,1,1,1,1,1,1,1,1,0,0,0,0,0,0,0,0,0,0,0,0,0,0,0,0,0,0,0,0,0,[0|0],-1,-1,-1,-1,-1,63042,[0|0|0|0|0|0|0|0]
86051,Ghostflame Ignition,1,0,[0|0|0],10100,0,10,-1,-1,-1,710600,1048,0,300,0,350030,-1,-1,1,1,1,1,1,1,1,1,1,1,1,1,1,0,0,0,3,0,0,0,0,0,0,0,0,1,1,1,0,2,1,0,1,0,0,1,1,1,1,1,1,1,1,1,1,1,1,1,1,1,1,1,1,1,1,1,1,1,1,0,0,0,0,0,0,0,0,0,0,0,0,0,0,0,0,0,0,0,0,0,[0|0],-1,-1,-1,-1,-1,63042,[0|0|0|0|0|0|0|0]
86052,Claw Flick,1,0,[0|0|0],10412,0,10,-1,-1,-1,710600,1046,0,300,0,350030,-1,-1,1,1,1,1,1,1,1,1,1,1,1,1,1,0,0,0,3,0,0,0,0,0,0,0,0,1,1,1,0,2,1,0,1,0,0,1,1,1,1,1,1,1,1,1,1,1,1,1,1,1,1,1,1,1,1,1,1,1,1,0,0,0,0,0,0,0,0,0,0,0,0,0,0,0,0,0,0,0,0,0,[0|0],-1,-1,-1,-1,-1,63042,[0|0|0|0|0|0|0|0]
86053,Regal Beastclaw,1,0,[0|0|0],10447,0,10,-1,-1,-1,710600,1044,0,300,0,350030,-1,-1,1,1,1,1,1,1,1,1,1,1,1,1,1,0,0,0,3,0,0,0,0,0,0,0,0,1,1,1,0,2,1,0,1,0,0,1,1,1,1,1,1,1,1,1,1,1,1,1,1,1,1,1,1,1,1,1,1,1,1,0,0,0,0,0,0,0,0,0,0,0,0,0,0,0,0,0,0,0,0,0,[0|0],-1,-1,-1,-1,-1,63042,[0|0|0|0|0|0|0|0]
86054,Oath of Vengeance,1,0,[0|0|0],10130,0,10,-1,-1,-1,710600,1042,0,300,0,350030,-1,-1,1,1,1,1,1,1,1,1,1,1,1,1,1,0,0,0,3,0,0,0,0,0,0,0,0,1,1,1,0,2,1,0,1,0,0,1,1,1,1,1,1,1,1,1,1,1,1,1,1,1,1,1,1,1,1,1,1,1,1,0,0,0,0,0,0,0,0,0,0,0,0,0,0,0,0,0,0,0,0,0,[0|0],-1,-1,-1,-1,-1,63042,[0|0|0|0|0|0|0|0]
86055,Onyx Lord's Repulsion,1,0,[0|0|0],10280,0,10,-1,-1,-1,710600,1041,0,300,0,350030,-1,-1,1,1,1,1,1,1,1,1,1,1,1,1,1,0,0,0,3,0,0,0,0,0,0,0,0,1,1,1,0,2,1,0,1,0,0,1,1,1,1,1,1,1,1,1,1,1,1,1,1,1,1,1,1,1,1,1,1,1,1,0,0,0,0,0,0,0,0,0,0,0,0,0,0,0,0,0,0,0,0,0,[0|0],-1,-1,-1,-1,-1,63042,[0|0|0|0|0|0|0|0]
86056,Alabaster Lord's Pull,1,0,[0|0|0],10087,0,10,-1,-1,-1,710600,1040,0,300,0,350030,-1,-1,1,1,1,1,1,1,1,1,1,1,1,1,1,0,0,0,3,0,0,0,0,0,0,0,0,1,1,1,0,2,1,0,1,0,0,1,1,1,1,1,1,1,1,1,1,1,1,1,1,1,1,1,1,1,1,1,1,1,1,0,0,0,0,0,0,0,0,0,0,0,0,0,0,0,0,0,0,0,0,0,[0|0],-1,-1,-1,-1,-1,63042,[0|0|0|0|0|0|0|0]
86057,Spinning Wheel,1,0,[0|0|0],10890,0,10,-1,-1,-1,710600,1039,0,300,0,350030,-1,-1,1,1,1,1,1,1,1,1,1,1,1,1,1,0,0,0,3,0,0,0,0,0,0,0,0,1,1,1,0,2,1,0,1,0,0,1,1,1,1,1,1,1,1,1,1,1,1,1,1,1,1,1,1,1,1,1,1,1,1,0,0,0,0,0,0,0,0,0,0,0,0,0,0,0,0,0,0,0,0,0,[0|0],-1,-1,-1,-1,-1,63042,[0|0|0|0|0|0|0|0]
86058,Blade of Gold,1,0,[0|0|0],10016,0,10,-1,-1,-1,710600,1037,0,300,0,350030,-1,-1,1,1,1,1,1,1,1,1,1,1,1,1,1,0,0,0,3,0,0,0,0,0,0,0,0,1,1,1,0,2,1,0,1,0,0,1,1,1,1,1,1,1,1,1,1,1,1,1,1,1,1,1,1,1,1,1,1,1,1,0,0,0,0,0,0,0,0,0,0,0,0,0,0,0,0,0,0,0,0,0,[0|0],-1,-1,-1,-1,-1,63042,[0|0|0|0|0|0|0|0]
86059,Blade of Death,1,0,[0|0|0],10001,0,10,-1,-1,-1,710600,1036,0,300,0,350030,-1,-1,1,1,1,1,1,1,1,1,1,1,1,1,1,0,0,0,3,0,0,0,0,0,0,0,0,1,1,1,0,2,1,0,1,0,0,1,1,1,1,1,1,1,1,1,1,1,1,1,1,1,1,1,1,1,1,1,1,1,1,0,0,0,0,0,0,0,0,0,0,0,0,0,0,0,0,0,0,0,0,0,[0|0],-1,-1,-1,-1,-1,63042,[0|0|0|0|0|0|0|0]
86060,Flowing Form (Hammer),1,0,[0|0|0],10411,0,10,-1,-1,-1,710600,1035,0,300,0,350030,-1,-1,1,1,1,1,1,1,1,1,1,1,1,1,1,0,0,0,3,0,0,0,0,0,0,0,0,1,1,1,0,2,1,0,1,0,0,1,1,1,1,1,1,1,1,1,1,1,1,1,1,1,1,1,1,1,1,1,1,1,1,0,0,0,0,0,0,0,0,0,0,0,0,0,0,0,0,0,0,0,0,0,[0|0],-1,-1,-1,-1,-1,63042,[0|0|0|0|0|0|0|0]
86061,Flowing Form (Sword) DOESNT HAVE ANYTHING,1,0,[0|0|0],8367,0,10,-1,-1,-1,710600,1021,0,300,0,350030,-1,-1,1,1,1,1,1,1,1,1,1,1,1,1,1,0,0,0,3,0,0,0,0,0,0,0,0,1,1,1,0,2,1,0,1,0,0,1,1,1,1,1,1,1,1,1,1,1,1,1,1,1,1,1,1,1,1,1,1,0,1,0,0,0,0,0,0,0,0,0,0,0,0,0,0,0,0,0,0,0,0,0,[0|0],-1,-1,-1,-1,-1,63042,[0|0|0|0|0|0|0|0]
86062,Wave of Destruction,1,0,[0|0|0],10128,0,10,-1,-1,-1,710600,1033,0,300,0,350030,-1,-1,1,1,1,1,1,1,1,1,1,1,1,1,1,0,0,0,3,0,0,0,0,0,0,0,0,1,1,1,0,2,1,0,1,0,0,1,1,1,1,1,1,1,1,1,1,1,1,1,1,1,1,1,1,1,1,1,1,1,1,0,0,0,0,0,0,0,0,0,0,0,0,0,0,0,0,0,0,0,0,0,[0|0],-1,-1,-1,-1,-1,63042,[0|0|0|0|0|0|0|0]
86063,Starcaller Cry,1,0,[0|0|0],10125,0,10,-1,-1,-1,710600,1032,0,300,0,350030,-1,-1,1,1,1,1,1,1,1,1,1,1,1,1,1,0,0,0,3,0,0,0,0,0,0,0,0,1,1,1,0,2,1,0,1,0,0,1,1,1,1,1,1,1,1,1,1,1,1,1,1,1,1,1,1,1,1,1,1,1,1,0,0,0,0,0,0,0,0,0,0,0,0,0,0,0,0,0,0,0,0,0,[0|0],-1,-1,-1,-1,-1,63042,[0|0|0|0|0|0|0|0]
86064,Regal Roar,1,0,[0|0|0],10885,0,10,-1,-1,-1,710600,1031,0,300,0,350030,-1,-1,1,1,1,1,1,1,1,1,1,1,1,1,1,0,0,0,3,0,0,0,0,0,0,0,0,1,1,1,0,2,1,0,1,0,0,1,1,1,1,1,1,1,1,1,1,1,1,1,1,1,1,1,1,1,1,1,1,1,1,0,0,0,0,0,0,0,0,0,0,0,0,0,0,0,0,0,0,0,0,0,[0|0],-1,-1,-1,-1,-1,63042,[0|0|0|0|0|0|0|0]
86065,I Command Thee- Kneel!,1,0,[0|0|0],10564,0,10,-1,-1,-1,710600,1030,0,300,0,350030,-1,-1,1,1,1,1,1,1,1,1,1,1,1,1,1,0,0,0,3,0,0,0,0,0,0,0,0,1,1,1,0,2,1,0,1,0,0,1,1,1,1,1,1,1,1,1,1,1,1,1,1,1,1,1,1,1,1,1,1,1,1,0,0,0,0,0,0,0,0,0,0,0,0,0,0,0,0,0,0,0,0,0,[0|0],-1,-1,-1,-1,-1,63042,[0|0|0|0|0|0|0|0]
86066,Gold Breaker,1,0,[0|0|0],10414,0,10,-1,-1,-1,710600,1029,0,300,0,350030,-1,-1,1,1,1,1,1,1,1,1,1,1,1,1,1,0,0,0,3,0,0,0,0,0,0,0,0,1,1,1,0,2,1,0,1,0,0,1,1,1,1,1,1,1,1,1,1,1,1,1,1,1,1,1,1,1,1,1,1,1,1,0,0,0,0,0,0,0,0,0,0,0,0,0,0,0,0,0,0,0,0,0,[0|0],-1,-1,-1,-1,-1,63042,[0|0|0|0|0|0|0|0]
86067,Wolf's Assault,1,0,[0|0|0],10126,0,10,-1,-1,-1,710600,1025,0,300,0,350030,-1,-1,1,1,1,1,1,1,1,1,1,1,1,1,1,0,0,0,3,0,0,0,0,0,0,0,0,1,1,1,0,2,1,0,1,0,0,1,1,1,1,1,1,1,1,1,1,1,1,1,1,1,1,1,1,1,1,1,1,1,1,0,0,0,0,0,0,0,0,0,0,0,0,0,0,0,0,0,0,0,0,0,[0|0],-1,-1,-1,-1,-1,63042,[0|0|0|0|0|0|0|0]
86068,Spearcall Ritual,1,0,[0|0|0],10612,0,10,-1,-1,-1,710600,1024,0,300,0,350030,-1,-1,1,1,1,1,1,1,1,1,1,1,1,1,1,0,0,0,3,0,0,0,0,0,0,0,0,1,1,1,0,2,1,0,1,0,0,1,1,1,1,1,1,1,1,1,1,1,1,1,1,1,1,1,1,1,1,1,1,1,1,0,0,0,0,0,0,0,0,0,0,0,0,0,0,0,0,0,0,0,0,0,[0|0],-1,-1,-1,-1,-1,63042,[0|0|0|0|0|0|0|0]
86069,Mists of Slumber,1,0,[0|0|0],10058,0,10,-1,-1,-1,710600,1023,0,300,0,350030,-1,-1,1,1,1,1,1,1,1,1,1,1,1,1,1,0,0,0,3,0,0,0,0,0,0,0,0,1,1,1,0,2,1,0,1,0,0,1,1,1,1,1,1,1,1,1,1,1,1,1,1,1,1,1,1,1,1,1,1,1,1,0,0,0,0,0,0,0,0,0,0,0,0,0,0,0,0,0,0,0,0,0,[0|0],-1,-1,-1,-1,-1,63042,[0|0|0|0|0|0|0|0]
86070,Establish Order,1,0,[0|0|0],10097,0,10,-1,-1,-1,710600,1022,0,300,0,350030,-1,-1,1,1,1,1,1,1,1,1,1,1,1,1,1,0,0,0,3,0,0,0,0,0,0,0,0,1,1,1,0,2,1,0,1,0,0,1,1,1,1,1,1,1,1,1,1,1,1,1,1,1,1,1,1,1,1,1,1,1,1,0,0,0,0,0,0,0,0,0,0,0,0,0,0,0,0,0,0,0,0,0,[0|0],-1,-1,-1,-1,-1,63042,[0|0|0|0|0|0|0|0]
86071,Glintstone Dart,1,0,[0|0|0],10007,0,10,-1,-1,-1,710600,1017,0,300,0,350030,-1,-1,1,1,1,1,1,1,1,1,1,1,1,1,1,0,0,0,3,0,0,0,0,0,0,0,0,1,1,1,0,2,1,0,1,0,0,1,1,1,1,1,1,1,1,1,1,1,1,1,1,1,1,1,1,1,1,1,1,1,1,0,0,0,0,0,0,0,0,0,0,0,0,0,0,0,0,0,0,0,0,0,[0|0],-1,-1,-1,-1,-1,63042,[0|0|0|0|0|0|0|0]
86072,Firebreather,1,0,[0|0|0],10922,0,10,-1,-1,-1,710600,223,0,300,0,350030,-1,-1,1,1,1,1,1,1,1,1,1,1,1,1,1,0,0,0,3,0,0,0,0,0,0,0,0,1,1,1,0,2,1,0,1,0,0,1,1,1,1,1,1,1,1,1,1,1,1,1,1,1,1,1,1,1,1,1,1,1,1,0,0,0,0,0,0,0,0,0,0,0,1,0,0,0,0,0,0,0,0,0,[0|0],-1,-1,-1,-1,-1,63042,[0|0|0|0|0|0|0|0]
86073,Soul Stifler,1,0,[0|0|0],10571,0,10,-1,-1,-1,710600,1013,0,300,0,350030,-1,-1,1,1,1,1,1,1,1,1,1,1,1,1,1,0,0,0,3,0,0,0,0,0,0,0,0,1,1,1,0,2,1,0,1,0,0,1,1,1,1,1,1,1,1,1,1,1,1,1,1,1,1,1,1,1,1,1,1,1,1,0,0,0,0,0,0,0,0,0,0,0,0,0,0,0,0,0,0,0,0,0,[0|0],-1,-1,-1,-1,-1,63042,[0|0|0|0|0|0|0|0]
86074,Bear Witness!,1,0,[0|0|0],10806,0,10,-1,-1,-1,710600,1011,0,300,0,350030,-1,-1,1,1,1,1,1,1,1,1,1,1,1,1,1,0,0,0,3,0,0,0,0,0,0,0,0,1,1,1,0,2,1,0,1,0,0,1,1,1,1,1,1,1,1,1,1,1,1,1,1,1,1,1,1,1,1,1,1,1,1,0,0,0,0,0,0,0,0,0,0,0,0,0,0,0,0,0,0,0,0,0,[0|0],-1,-1,-1,-1,-1,63042,[0|0|0|0|0|0|0|0]
86075,Rallying Standard,1,0,[0|0|0],10684,0,10,-1,-1,-1,710600,1010,0,300,0,350030,-1,-1,1,1,1,1,1,1,1,1,1,1,1,1,1,0,0,0,3,0,0,0,0,0,0,0,0,1,1,1,0,2,1,0,1,0,0,1,1,1,1,1,1,1,1,1,1,1,1,1,1,1,1,1,1,1,1,1,1,1,1,0,0,0,0,0,0,0,0,0,0,0,0,0,0,0,0,0,0,0,0,0,[0|0],-1,-1,-1,-1,-1,63042,[0|0|0|0|0|0|0|0]
86076,Moonlight Greatsword,1,0,[0|0|0],10089,0,10,-1,-1,-1,710600,1008,0,300,0,350030,-1,-1,1,1,1,1,1,1,1,1,1,1,1,1,1,0,0,0,3,0,0,0,0,0,0,0,0,1,1,1,0,2,1,0,1,0,0,1,1,1,1,1,1,1,1,1,1,1,1,1,1,1,1,1,1,1,1,1,1,1,1,0,0,0,0,0,0,0,0,0,0,0,0,0,0,0,0,0,0,0,0,0,[0|0],-1,-1,-1,-1,-1,63042,[0|0|0|0|0|0|0|0]
86077,Sea of Magma,1,0,[0|0|0],10763,0,10,-1,-1,-1,710600,1006,0,300,0,350030,-1,-1,1,1,1,1,1,1,1,1,1,1,1,1,1,0,0,0,3,0,0,0,0,0,0,0,0,1,1,1,0,2,1,0,1,0,0,1,1,1,1,1,1,1,1,1,1,1,1,1,1,1,1,1,1,1,1,1,1,1,1,0,0,0,0,0,0,0,0,0,0,0,0,0,0,0,0,0,0,0,0,0,[0|0],-1,-1,-1,-1,-1,63042,[0|0|0|0|0|0|0|0]
86078,Bubble Shower,1,0,[0|0|0],10448,0,10,-1,-1,-1,710600,1004,0,300,0,350030,-1,-1,1,1,1,1,1,1,1,1,1,1,1,1,1,0,0,0,3,0,0,0,0,0,0,0,0,1,1,1,0,2,1,0,1,0,0,1,1,1,1,1,1,1,1,1,1,1,1,1,1,1,1,1,1,1,1,1,1,1,1,0,0,0,0,0,0,0,0,0,0,0,0,0,0,0,0,0,0,0,0,0,[0|0],-1,-1,-1,-1,-1,63042,[0|0|0|0|0|0|0|0]
86079,Oracular Bubble,1,0,[0|0|0],10409,0,10,-1,-1,-1,710600,1003,0,300,0,350030,-1,-1,1,1,1,1,1,1,1,1,1,1,1,1,1,0,0,0,3,0,0,0,0,0,0,0,0,1,1,1,0,2,1,0,1,0,0,1,1,1,1,1,1,1,1,1,1,1,1,1,1,1,1,1,1,1,1,1,1,1,1,0,0,0,0,0,0,0,0,0,0,0,0,0,0,0,0,0,0,0,0,0,[0|0],-1,-1,-1,-1,-1,63042,[0|0|0|0|0|0|0|0]
86080,Reduvia Blood Blade,1,0,[0|0|0],10004,0,10,-1,-1,-1,710600,1016,0,300,0,350030,-1,-1,1,1,1,1,1,1,1,1,1,1,1,1,1,0,0,0,3,0,0,0,0,0,0,0,0,1,1,1,0,2,1,0,1,0,0,1,1,1,1,1,1,1,1,1,1,1,1,1,1,1,1,1,1,1,1,1,1,1,1,0,0,0,0,0,0,0,0,0,0,0,0,0,0,0,0,0,0,0,0,0,[0|0],-1,-1,-1,-1,-1,63042,[0|0|0|0|0|0|0|0]
86081,Contagious Fury,1,0,[0|0|0],12090,0,10,-1,-1,-1,710600,1197,0,300,0,350030,-1,-1,1,1,1,1,1,1,1,1,1,1,1,1,1,0,0,0,3,0,0,0,0,0,0,0,0,1,1,1,0,2,1,0,1,0,0,1,1,1,1,1,1,1,1,1,1,1,1,1,1,1,1,1,1,1,1,1,1,1,1,0,0,0,0,0,0,0,0,1,1,1,0,0,0,0,0,0,0,0,0,0,[0|0],-1,-1,-1,-1,-1,63042,[0|0|0|0|0|0|0|0]
86082,Golden Retaliation,1,0,[0|0|0],12086,0,10,-1,-1,-1,710600,1196,0,300,0,350030,-1,-1,1,1,1,1,1,1,1,1,1,1,1,1,1,0,0,0,3,0,0,0,0,0,0,0,0,1,1,1,0,2,1,0,1,0,0,1,1,1,1,1,1,1,1,1,1,1,1,1,1,1,1,1,1,1,1,1,1,1,1,0,0,0,0,0,0,0,0,1,1,1,0,0,0,0,0,0,0,0,0,0,[0|0],-1,-1,-1,-1,-1,63042,[0|0|0|0|0|0|0|0]
86083,Viper Bite,1,0,[0|0|0],12020,0,10,-1,-1,-1,710600,1007,0,300,0,350030,-1,-1,1,1,1,1,1,1,1,1,1,1,1,1,1,0,0,0,3,0,0,0,0,0,0,0,0,1,1,1,0,2,1,0,1,0,0,1,1,1,1,1,1,1,1,1,1,1,1,1,1,1,1,1,1,1,1,1,1,0,1,0,0,0,0,0,0,0,0,1,1,1,0,0,0,0,0,0,0,0,0,0,[0|0],-1,-1,-1,-1,-1,63042,[0|0|0|0|0|0|0|0]
86084,Tongues of Fire,1,0,[0|0|0],12094,0,10,-1,-1,-1,710600,1002,0,300,0,350030,-1,-1,1,1,1,1,1,1,1,1,1,1,1,1,1,0,0,0,3,0,0,0,0,0,0,0,0,1,1,1,0,2,1,0,1,0,0,1,1,1,1,1,1,1,1,1,1,1,1,1,1,1,1,1,1,1,1,1,1,0,1,0,0,0,0,0,0,0,0,1,1,1,0,0,0,0,0,0,0,0,0,0,[0|0],-1,-1,-1,-1,-1,63042,[0|0|0|0|0|0|0|0]
86085,Flame Spit,1,0,[0|0|0],12093,0,10,-1,-1,-1,710600,1001,0,300,0,350030,-1,-1,1,1,1,1,1,1,1,1,1,1,1,1,1,0,0,0,3,0,0,0,0,0,0,0,0,1,1,1,0,2,1,0,1,0,0,1,1,1,1,1,1,1,1,1,1,1,1,1,1,1,1,1,1,1,1,1,1,0,1,0,0,0,0,0,0,0,0,1,1,1,0,0,0,0,0,0,0,0,0,0,[0|0],-1,-1,-1,-1,-1,63042,[0|0|0|0|0|0|0|0]
86086,Surge of Faith,1,0,[0|0|0],10449,0,10,-1,-1,-1,710600,1000,0,300,0,350030,-1,-1,1,1,1,1,1,1,1,1,1,1,1,1,1,0,0,0,3,0,0,0,0,0,0,0,0,1,1,1,0,2,1,0,1,0,0,1,1,1,1,1,1,1,1,1,1,1,1,1,1,1,1,1,1,1,1,1,1,0,1,0,0,0,0,0,0,0,0,0,0,0,0,0,0,0,0,0,0,0,0,0,[0|0],-1,-1,-1,-1,-1,63042,[0|0|0|0|0|0|0|0]
